SPOE;BZ;OEVP;WBER;FPOE;WIFF;GRUE;SLP;GFW;FREIE;M;ANDAS;NEOS;SPR;ABG.;UNG.;WWW;WK
27;1;15;0;14;0;10;0;0;0;0;1;9;0;80;4;0;1
128;1;75;715;86;0;40;0;0;0;0;4;44;1;387;10;0;1
141;1;67;686;106;0;38;0;0;0;0;5;40;2;403;6;0;1
173;1;62;663;74;0;48;0;0;0;0;6;22;3;402;12;5;1
55;1;36;332;45;0;21;0;3;0;0;2;13;4;178;3;0;1
112;1;103;805;101;0;44;0;2;0;0;6;48;5;419;3;0;1
92;1;57;571;61;0;38;0;4;0;0;1;44;6;308;9;2;1
102;1;71;611;67;0;26;0;1;0;0;1;32;7;311;11;0;1
106;1;57;590;70;0;27;0;0;0;0;2;47;8;317;6;2;1
145;1;63;786;95;0;59;0;0;0;0;3;60;9;436;11;0;1
149;1;60;732;73;0;72;0;1;0;0;1;32;10;391;3;0;1
83;1;61;485;57;0;36;0;0;1;0;1;20;11;260;1;0;1
108;1;78;656;81;0;38;0;1;0;0;2;57;12;372;7;0;1
98;1;62;570;80;0;34;0;0;0;0;1;28;13;313;10;0;1
90;1;63;539;72;0;56;0;0;0;0;1;39;14;330;8;1;1
176;1;70;774;113;0;59;0;0;0;0;3;49;15;475;5;0;1
107;1;54;515;49;0;40;0;1;2;0;4;21;16;287;9;0;1
124;1;62;737;92;0;56;0;1;0;0;5;47;17;393;6;0;1
106;1;59;562;62;0;33;0;0;0;0;2;37;18;304;5;0;1
740;1;533;0;467;0;277;0;4;2;0;6;273;19;2336;30;4;1
36;4;15;0;24;0;26;0;0;0;0;0;9;0;112;2;0;1
196;4;86;872;100;0;89;0;0;1;0;3;64;1;551;11;1;1
174;4;57;1030;90;0;57;0;4;2;0;4;62;2;456;6;0;1
152;4;69;820;75;0;78;0;0;0;0;2;63;3;445;6;0;1
216;4;49;946;96;0;79;0;5;0;0;3;76;4;540;16;0;1
201;4;30;846;79;0;116;0;3;0;0;7;53;5;506;15;2;1
243;4;59;963;98;0;132;0;0;0;0;7;44;6;594;10;1;1
218;4;60;978;92;0;110;0;0;0;0;5;75;7;577;16;1;1
186;4;69;965;109;0;127;0;1;0;0;11;53;8;563;6;1;1
234;4;53;900;125;0;100;0;0;0;0;6;45;9;594;29;2;1
179;4;44;708;77;0;77;0;0;0;0;3;25;10;450;44;1;1
163;4;48;730;86;0;81;0;0;0;0;1;40;11;431;12;0;1
196;4;23;722;122;0;34;0;1;0;0;2;22;12;409;9;0;1
188;4;57;979;117;0;115;0;0;1;0;13;44;13;557;22;0;1
191;4;56;856;96;0;108;0;0;1;0;9;51;14;534;17;5;1
125;4;39;596;60;0;56;0;2;1;0;3;36;15;336;14;0;1
134;4;46;718;93;0;83;0;0;1;0;7;34;16;405;7;0;1
233;4;44;960;116;0;79;0;2;1;0;11;56;17;568;26;0;1
207;4;65;984;123;0;121;0;1;0;0;4;35;18;580;23;1;1
217;4;69;1053;120;0;119;0;2;0;0;16;58;19;635;33;1;1
191;4;65;912;119;0;117;0;1;1;0;7;44;20;572;26;1;1
198;4;62;934;98;0;77;0;1;0;0;6;48;21;512;22;0;1
205;4;100;1073;114;0;98;0;0;0;0;8;66;22;595;4;0;1
164;4;32;674;101;0;53;0;3;0;0;6;21;23;383;2;1;1
1356;4;554;0;579;0;816;0;1;2;0;35;403;24;3787;37;4;1
53;5;16;0;27;0;29;0;0;1;0;2;14;0;144;2;0;1
140;5;30;575;50;0;90;0;0;0;0;5;20;1;339;2;2;1
138;5;38;687;75;0;84;0;2;0;0;5;36;2;393;14;1;1
278;5;47;1129;102;0;154;0;3;1;0;21;46;3;664;9;3;1
278;5;60;1170;108;0;159;0;2;0;0;11;44;4;674;12;0;1
149;5;15;688;72;0;101;0;1;0;0;13;39;5;402;11;1;1
195;5;42;707;99;0;70;0;1;1;0;8;23;6;452;11;2;1
102;5;33;518;77;0;63;0;1;1;0;4;23;7;319;15;0;1
186;5;46;723;84;0;90;0;1;1;0;8;32;8;459;11;0;1
205;5;26;813;116;0;98;0;0;0;0;7;51;9;513;9;1;1
138;5;21;702;57;0;100;0;4;1;0;8;19;10;364;16;0;1
183;5;28;670;72;0;87;0;1;0;0;9;22;11;413;10;1;1
189;5;15;657;83;0;49;0;2;1;0;11;8;12;368;9;1;1
196;5;21;723;93;0;80;0;6;1;0;17;27;13;450;7;2;1
132;5;30;708;82;0;86;0;1;0;0;2;36;14;375;6;0;1
128;5;28;561;62;0;52;0;2;0;0;5;24;15;311;10;0;1
203;5;24;864;108;0;90;0;11;1;0;8;31;16;488;12;0;1
200;5;44;904;89;0;131;0;4;0;0;9;38;17;528;12;1;1
340;5;32;1104;167;0;59;0;12;0;0;5;23;18;656;17;1;1
206;5;47;987;133;0;87;0;4;1;0;7;19;19;541;36;1;1
185;5;31;599;87;0;24;0;2;0;0;5;12;20;354;7;1;1
170;5;3;596;111;0;10;0;6;0;0;3;10;21;322;9;0;1
223;5;58;993;154;0;80;0;7;0;0;12;35;22;578;9;0;1
233;5;24;1108;172;0;75;0;10;2;0;10;20;23;564;16;2;1
243;5;15;940;167;0;26;0;13;0;0;4;9;24;484;5;2;1
188;5;34;908;123;0;94;0;6;0;0;4;43;25;505;12;1;1
151;5;18;559;62;0;62;0;1;0;0;4;21;26;343;23;1;1
237;5;21;913;132;0;75;0;4;1;0;10;30;27;526;15;1;1
201;5;32;873;78;0;120;0;3;2;0;11;37;28;505;19;2;1
98;5;18;398;41;0;43;0;4;0;0;3;20;29;229;1;1;1
204;5;56;994;125;0;90;0;4;0;0;4;20;30;520;17;0;1
177;5;15;756;122;0;16;0;18;1;0;4;7;31;365;4;1;1
251;5;20;884;173;0;18;0;14;1;0;6;6;32;502;9;4;1
218;5;42;834;118;0;55;0;8;0;0;7;29;33;485;7;1;1
104;5;15;414;45;0;38;0;3;1;0;2;10;34;230;11;1;1
259;5;40;1072;179;0;90;0;3;1;0;6;28;35;618;10;2;1
188;5;41;851;122;0;86;0;2;1;0;5;24;36;492;21;2;1
119;5;41;629;70;0;60;0;0;1;0;7;32;37;338;8;0;1
195;5;42;815;82;0;121;0;1;1;0;7;38;38;493;4;2;1
253;5;44;1021;126;0;101;0;1;0;0;12;52;39;596;7;0;1
106;5;29;579;78;0;70;0;6;3;0;8;27;40;343;15;1;1
0;5;0;0;0;0;0;0;0;0;0;0;0;41;0;0;0;1
1864;5;422;0;861;0;1023;0;12;1;0;77;342;42;4644;36;6;1
53;6;14;0;27;0;23;0;0;0;0;1;10;0;130;2;0;1
151;6;38;619;64;0;92;0;1;0;0;2;27;1;379;4;0;1
156;6;41;732;113;0;69;0;0;0;0;6;29;2;422;7;1;1
199;6;52;895;123;0;118;0;0;0;0;4;47;3;544;1;0;1
178;6;33;736;77;0;100;0;1;1;0;6;33;4;431;2;0;1
131;6;23;634;95;0;42;0;1;0;0;1;24;5;322;5;0;1
190;6;29;812;95;0;98;0;2;0;0;16;35;6;470;3;2;1
163;6;35;698;66;0;111;0;0;1;0;10;28;7;417;3;0;1
118;6;79;591;48;0;75;0;0;0;0;5;16;8;343;2;0;1
151;6;46;694;79;0;115;0;1;0;0;4;34;9;437;7;0;1
169;6;51;791;92;0;100;0;0;1;0;6;34;10;457;4;0;1
162;6;43;678;46;0;102;0;2;1;0;3;22;11;388;7;0;1
209;6;53;856;84;0;142;0;1;2;0;7;59;12;567;10;0;1
180;6;52;718;77;0;99;0;0;0;0;6;30;13;448;1;3;1
178;6;41;678;95;0;54;0;0;0;0;5;30;14;417;14;0;1
182;6;37;715;93;0;94;0;0;1;0;10;31;15;459;10;1;1
170;6;34;1049;96;0;85;0;2;2;0;5;37;16;443;12;0;1
151;6;39;691;68;0;102;0;1;0;0;5;48;17;414;0;0;1
155;6;31;696;104;0;73;0;0;0;0;7;24;18;400;6;0;1
119;6;38;608;67;0;88;0;1;0;0;8;43;19;371;7;0;1
174;6;50;766;77;0;90;0;3;0;0;3;43;20;446;5;1;1
183;6;57;749;57;0;104;0;3;2;0;6;40;21;460;8;0;1
187;6;24;673;72;0;78;0;0;0;0;3;32;22;413;16;1;1
139;6;28;505;55;0;47;0;5;0;0;2;15;23;293;2;0;1
124;6;30;531;62;0;71;0;0;0;0;7;22;24;327;9;2;1
181;6;40;808;55;0;118;0;0;0;0;5;32;25;442;10;1;1
154;6;44;741;76;0;112;0;2;1;0;10;35;26;444;9;1;1
190;6;35;835;71;0;134;0;2;0;0;6;28;27;474;7;1;1
210;6;43;934;142;0;88;0;1;4;0;12;30;28;537;7;0;1
1282;6;402;0;509;0;884;0;3;1;0;36;331;29;3479;28;3;1
40;7;8;0;19;0;21;0;0;0;0;0;7;0;95;0;0;2
155;7;54;753;58;0;111;0;1;0;0;4;48;1;443;11;1;2
113;7;19;470;42;0;80;0;0;0;0;2;31;2;294;6;1;2
123;7;46;626;47;0;105;0;0;0;0;5;43;3;376;7;0;2
104;7;30;478;51;0;89;0;0;0;0;3;26;4;308;4;1;2
102;7;21;550;43;0;75;0;2;0;0;3;19;5;278;13;0;2
162;7;36;750;60;0;116;0;1;0;0;14;44;6;446;13;0;2
143;7;37;722;64;0;157;0;1;0;0;9;33;7;460;15;1;2
121;7;28;575;61;0;102;0;1;0;0;8;31;8;359;7;0;2
143;7;44;724;59;0;131;0;2;0;0;6;46;9;439;7;1;2
163;7;51;741;64;0;103;0;1;0;0;5;42;10;438;9;0;2
149;7;37;641;55;0;110;0;1;0;0;5;36;11;400;7;0;2
193;7;42;883;83;0;131;0;0;0;0;9;51;12;519;9;1;2
178;7;47;810;66;0;141;0;0;0;0;7;37;13;489;12;1;2
206;7;34;793;115;0;84;0;0;0;0;6;28;14;485;10;2;2
187;7;38;611;60;0;72;0;0;0;0;6;25;15;402;13;1;2
121;7;22;533;68;0;77;0;1;0;0;3;15;16;315;8;0;2
154;7;20;710;72;0;123;0;0;0;0;7;25;17;417;16;0;2
136;7;35;633;66;0;82;0;0;0;0;5;29;18;373;20;0;2
151;7;62;791;76;0;131;0;2;0;0;3;58;19;495;10;2;2
164;7;34;688;54;0;117;0;0;0;0;11;42;20;445;23;0;2
169;7;40;752;89;0;125;0;3;0;0;2;38;21;472;5;1;2
151;7;22;707;63;0;82;0;1;0;0;6;34;22;364;5;0;2
162;7;20;680;61;0;101;0;3;0;0;5;26;23;381;3;0;2
157;7;45;734;83;0;132;0;0;0;0;6;37;24;469;4;5;2
146;7;35;762;65;0;120;0;2;0;0;12;24;25;416;8;4;2
161;7;32;681;56;0;106;0;2;0;0;13;27;26;407;10;0;2
145;7;32;618;56;0;96;0;2;0;0;4;26;27;370;7;2;2
152;7;22;711;66;0;88;0;0;0;0;3;37;28;375;5;2;2
114;7;31;613;56;0;96;0;1;0;0;6;36;29;347;5;2;2
166;7;32;724;58;0;141;0;2;0;0;6;29;30;455;20;1;2
1391;7;401;0;587;0;992;0;1;0;0;54;374;31;3834;33;1;2
27;8;11;0;16;0;27;0;0;0;0;4;10;0;100;5;0;2
111;8;50;467;57;0;52;0;0;0;0;4;29;1;310;7;0;2
120;8;59;596;65;0;60;0;0;0;0;11;46;2;370;9;0;2
110;8;35;501;70;0;51;0;1;0;0;4;28;3;308;9;0;2
173;8;83;800;82;0;115;0;1;0;0;2;45;4;509;8;0;2
128;8;66;741;67;0;78;0;0;0;0;11;49;5;413;14;0;2
142;8;70;743;82;0;88;0;1;0;0;4;52;6;443;1;3;2
172;8;52;731;73;0;84;0;0;0;0;7;44;7;444;11;1;2
178;8;73;868;87;0;103;0;1;0;0;11;35;8;494;6;0;2
198;8;62;839;70;0;131;0;2;0;0;10;39;9;517;4;1;2
150;8;50;724;78;0;99;0;1;0;0;6;49;10;434;1;0;2
159;8;49;804;100;0;105;0;0;0;0;6;63;11;490;8;0;2
136;8;42;561;49;0;81;0;0;0;0;4;33;12;356;7;4;2
140;8;36;524;62;0;58;0;0;0;0;4;39;13;351;12;0;2
175;8;92;793;68;0;90;0;0;0;0;7;58;14;496;5;1;2
164;8;90;807;88;0;95;0;0;0;0;6;55;15;512;14;0;2
170;8;49;724;67;0;89;0;2;0;0;2;33;16;423;11;0;2
147;8;55;710;93;0;113;0;0;0;0;10;32;17;450;0;0;2
199;8;82;837;91;0;88;0;1;0;0;6;29;18;506;8;2;2
138;8;53;626;63;0;95;0;0;0;0;5;24;19;385;5;2;2
164;8;52;760;76;0;117;0;0;0;0;12;37;20;463;5;0;2
198;8;68;876;95;0;92;0;1;0;0;10;54;21;524;5;1;2
172;8;44;789;94;0;102;0;2;0;0;11;21;22;456;10;0;2
1066;8;522;0;448;0;652;0;1;0;0;30;310;23;3056;24;3;2
48;9;17;0;27;0;32;0;0;0;0;3;7;0;135;1;0;2
167;9;56;762;78;0;89;0;0;0;0;8;59;1;461;3;1;2
149;9;53;624;68;0;76;0;0;0;0;5;46;2;400;3;0;2
231;9;46;828;74;0;93;0;1;0;0;12;36;3;504;6;5;2
177;9;47;708;84;0;85;0;0;0;0;1;48;4;446;4;0;2
170;9;47;674;78;0;76;0;1;0;0;3;21;5;408;12;0;2
164;9;52;709;79;0;84;0;5;0;0;2;61;6;452;5;0;2
198;9;54;706;69;0;58;0;0;0;0;6;25;7;420;10;0;2
178;9;50;777;86;0;78;0;1;0;0;8;28;8;454;24;1;2
171;9;49;707;71;0;90;0;1;0;0;7;42;9;437;6;0;2
131;9;37;659;70;0;103;0;1;0;0;9;46;10;408;11;0;2
167;9;17;602;87;0;28;0;1;0;0;3;18;11;332;10;1;2
193;9;45;835;80;0;98;0;2;0;0;3;44;12;471;4;2;2
246;9;43;979;152;0;96;0;1;0;0;9;21;13;577;8;1;2
248;9;35;967;131;0;86;0;10;0;0;9;29;14;554;5;1;2
199;9;36;846;109;0;86;0;2;0;0;9;39;15;488;7;1;2
187;9;25;904;111;0;92;0;3;0;0;10;43;16;474;3;0;2
150;9;39;729;81;0;72;0;0;0;0;3;28;17;377;3;1;2
165;9;39;790;115;0;78;0;1;0;0;5;36;18;447;7;1;2
173;9;42;740;78;0;91;0;0;0;0;4;44;19;439;6;1;2
142;9;39;669;69;0;81;0;3;0;0;5;33;20;386;14;0;2
169;9;48;769;79;0;86;0;4;0;0;15;36;21;456;18;1;2
174;9;55;844;120;0;99;0;1;0;0;6;45;22;507;7;0;2
200;9;63;911;78;0;131;0;2;0;0;5;50;23;539;10;0;2
178;9;56;857;112;0;112;0;0;0;0;9;48;24;533;18;0;2
180;9;83;907;86;0;100;0;1;0;0;13;70;25;544;11;0;2
149;9;55;739;70;0;111;0;0;0;0;0;58;26;459;15;1;2
162;9;56;764;83;0;95;0;1;0;0;7;48;27;464;12;0;2
135;9;60;717;74;0;97;0;0;0;0;5;50;28;425;3;1;2
162;9;71;728;57;0;80;0;0;0;0;6;53;29;436;5;2;2
157;9;80;800;72;0;63;0;0;0;0;3;63;30;450;12;0;2
158;9;60;757;100;0;71;0;2;0;0;4;37;31;438;6;0;2
188;9;50;837;84;0;115;0;3;0;0;4;55;32;509;9;1;2
121;9;28;519;44;0;50;0;2;0;0;4;29;33;284;6;0;2
120;9;27;632;76;0;68;0;0;0;0;8;42;34;345;4;0;2
0;9;0;0;0;0;0;0;0;0;0;0;0;35;0;0;0;2
0;9;0;0;0;0;0;0;0;0;0;0;0;36;0;0;0;2
1772;9;640;0;782;0;1066;0;9;0;0;55;465;37;4828;32;7;2
114;2;14;0;63;0;47;0;0;0;0;4;15;0;261;4;0;3
168;2;24;762;48;0;145;0;2;0;0;15;31;1;443;9;1;3
149;2;13;568;61;0;55;0;1;0;0;9;17;2;307;2;0;3
171;2;41;713;59;0;128;0;1;0;0;10;34;3;450;5;1;3
124;2;26;532;60;0;51;0;3;0;0;8;18;4;303;12;1;3
111;2;28;539;72;0;70;0;0;0;0;5;27;5;328;15;0;3
105;2;26;520;76;0;56;0;3;0;0;4;14;6;289;5;0;3
126;2;16;528;60;0;68;0;1;0;0;10;13;7;303;8;1;3
134;2;23;582;58;0;85;0;4;0;0;6;28;8;342;2;2;3
185;2;25;682;65;0;93;0;5;0;0;8;31;9;434;21;1;3
123;2;13;485;38;0;89;0;0;0;0;5;20;10;291;3;0;3
110;2;19;522;51;0;74;0;1;0;0;3;12;11;276;6;0;3
169;2;24;600;77;0;61;0;1;0;0;2;14;12;354;5;1;3
155;2;28;596;82;0;75;0;2;0;0;5;23;13;377;5;2;3
162;2;42;694;72;0;100;0;3;0;0;5;31;14;425;8;2;3
75;2;15;373;35;0;40;0;0;0;0;4;16;15;194;8;1;3
219;2;43;805;82;0;56;0;0;0;0;6;24;16;448;17;1;3
145;2;21;657;72;0;48;0;0;0;0;5;34;17;337;10;2;3
109;2;22;527;65;0;42;0;1;0;0;6;20;18;270;5;0;3
215;2;25;692;63;0;52;0;3;0;0;3;21;19;393;10;1;3
132;2;30;547;60;0;63;0;0;0;0;5;32;20;330;8;0;3
152;2;22;581;69;0;72;0;1;0;0;7;18;21;351;10;0;3
171;2;43;709;89;0;63;0;1;0;0;6;29;22;408;6;0;3
121;2;23;498;57;0;47;0;1;0;0;3;20;23;287;14;1;3
145;2;15;531;79;0;54;0;1;0;0;5;12;24;322;11;0;3
107;2;23;445;58;0;48;0;0;0;0;2;13;25;258;6;1;3
145;2;26;580;57;0;97;0;1;0;0;10;37;26;377;4;0;3
139;2;20;595;71;0;82;0;4;0;0;2;12;27;339;9;0;3
199;2;19;725;79;0;93;0;1;0;0;12;24;28;443;15;1;3
139;2;27;660;77;0;97;0;3;0;0;6;28;29;381;3;1;3
146;2;37;573;49;0;67;0;1;0;0;6;21;30;336;9;0;3
152;2;17;542;59;0;57;0;5;0;0;9;18;31;324;7;0;3
135;2;26;520;67;0;60;0;1;0;0;3;19;32;324;13;0;3
137;2;12;480;107;0;15;0;2;0;0;1;6;33;287;7;0;3
145;2;15;569;77;0;58;0;6;0;0;6;8;34;318;3;0;3
129;2;10;547;84;0;81;0;5;0;0;7;18;35;340;4;2;3
96;2;19;405;54;0;43;0;4;0;0;6;7;36;235;3;3;3
121;2;19;501;55;0;57;0;3;0;0;1;18;37;280;4;2;3
148;2;29;622;74;0;69;0;2;0;0;4;25;38;351;0;0;3
87;2;16;488;54;0;60;0;1;0;0;5;19;39;250;8;0;3
125;2;9;548;55;0;56;0;5;0;0;3;17;40;272;2;0;3
94;2;29;438;75;0;37;0;0;0;0;6;19;41;275;14;1;3
67;2;14;315;56;0;35;0;2;0;0;2;6;42;188;6;0;3
113;2;22;571;86;0;64;0;2;0;0;14;15;43;321;5;0;3
164;2;28;657;76;0;60;0;2;0;0;17;26;44;381;8;0;3
110;2;29;517;65;0;50;0;1;0;0;5;33;45;298;4;1;3
139;2;34;555;54;0;68;0;0;0;0;9;23;46;339;10;2;3
131;2;29;542;65;0;56;0;2;0;0;7;29;47;331;12;0;3
138;2;34;542;81;0;59;0;1;0;0;2;32;48;351;4;0;3
135;2;7;439;51;0;21;0;3;0;0;6;14;49;248;11;0;3
122;2;29;500;54;0;46;0;1;0;0;3;17;50;287;15;0;3
101;2;15;439;69;0;21;0;0;0;0;4;13;51;244;20;1;3
154;2;11;584;124;0;16;0;4;0;0;6;4;52;337;17;1;3
131;2;15;506;64;0;33;0;0;0;0;4;9;53;268;12;0;3
131;2;7;596;95;0;29;0;5;0;0;9;5;54;298;15;2;3
150;2;22;569;66;0;51;0;3;0;0;3;11;55;314;6;2;3
72;2;12;478;73;0;64;0;4;0;0;15;10;56;259;9;0;3
76;2;10;475;61;0;77;0;2;0;0;10;12;57;254;6;0;3
115;2;31;595;86;0;65;0;7;0;0;9;24;58;345;5;3;3
130;2;10;578;91;0;61;0;0;0;0;7;19;59;320;2;0;3
61;2;9;319;45;0;41;0;0;0;0;2;11;60;171;1;1;3
107;2;22;562;98;0;62;0;0;0;0;11;15;61;323;6;2;3
100;2;18;524;84;0;50;0;4;0;0;3;24;62;300;17;0;3
120;2;19;521;63;0;44;0;1;0;0;7;15;63;283;14;0;3
167;2;19;723;92;0;111;0;4;0;0;6;26;64;433;7;1;3
135;2;8;570;92;0;36;0;7;0;0;8;12;65;303;4;1;3
118;2;18;452;79;0;18;0;1;0;0;5;6;66;271;26;0;3
117;2;15;515;71;0;56;0;2;0;0;4;9;67;283;8;1;3
64;2;18;372;57;0;34;0;2;0;0;3;14;68;195;3;0;3
121;2;19;535;80;0;18;0;18;0;0;5;15;69;291;14;1;3
205;2;19;649;122;0;11;0;21;0;0;2;7;70;401;14;0;3
179;2;17;715;163;0;26;0;13;0;0;8;13;71;435;14;2;3
200;2;16;748;142;0;25;0;18;0;0;4;17;72;447;25;0;3
148;2;7;605;129;0;26;0;5;0;0;6;5;73;337;8;3;3
104;2;8;408;97;0;13;0;3;0;0;1;6;74;237;4;1;3
132;2;8;422;102;0;5;0;6;0;0;2;2;75;275;18;0;3
139;2;24;543;89;0;47;0;5;0;0;4;18;76;330;4;0;3
188;2;19;843;203;0;23;0;2;0;0;2;8;77;454;9;0;3
161;2;17;694;135;0;20;0;12;0;0;4;3;78;357;3;2;3
313;2;33;838;156;0;15;0;11;0;0;3;13;79;567;22;1;3
193;2;18;547;119;0;45;0;3;0;0;0;26;80;416;10;2;3
208;2;36;764;158;0;27;0;3;0;0;5;17;81;459;5;0;3
169;2;10;714;139;0;23;0;3;0;0;3;10;82;368;9;2;3
39;2;3;260;92;0;10;0;0;0;0;1;3;83;157;9;0;3
221;2;38;690;176;0;44;0;1;0;0;2;18;84;515;13;2;3
134;2;26;497;176;0;16;0;1;0;0;2;10;85;369;3;1;3
130;2;24;553;99;0;64;0;0;0;0;4;31;86;367;13;2;3
101;2;25;492;65;0;49;0;0;0;0;4;30;87;278;3;1;3
123;2;53;620;94;0;73;0;0;0;0;4;42;88;402;13;0;3
112;2;39;558;70;0;62;0;0;0;0;4;28;89;330;14;1;3
160;2;26;546;85;0;34;0;0;0;0;2;28;90;344;7;2;3
95;2;26;395;53;0;33;0;2;0;0;5;22;91;242;6;0;3
170;2;9;641;128;0;41;0;1;0;0;4;13;92;374;7;1;3
180;2;10;667;112;0;29;0;14;0;0;5;9;93;375;15;1;3
187;2;15;707;107;0;30;0;7;0;0;5;22;94;386;11;2;3
169;2;22;537;74;0;57;0;0;0;0;13;26;95;376;13;2;3
210;2;35;812;68;0;138;0;2;0;0;6;44;96;509;4;2;3
134;2;15;518;56;0;79;0;1;0;0;5;23;97;319;6;0;3
146;2;17;875;129;0;98;0;6;0;0;2;28;98;436;7;3;3
185;2;28;780;72;0;117;0;2;0;0;5;36;99;454;7;2;3
185;2;15;730;62;0;153;0;3;0;0;9;46;100;480;6;1;3
146;2;10;519;137;0;6;0;31;0;0;2;6;101;356;18;0;3
186;2;8;548;115;0;16;0;19;0;0;1;9;102;362;6;2;3
124;2;8;351;55;0;23;0;6;0;0;1;12;103;231;2;0;3
159;2;23;615;113;0;51;0;2;0;0;7;16;104;384;12;1;3
3398;2;752;0;1525;0;1751;0;25;0;0;123;547;105;8221;77;23;3
83;3;20;0;46;0;48;0;1;0;0;5;11;0;221;7;0;4
207;3;44;893;102;0;129;0;2;0;0;10;41;1;554;16;3;4
157;3;32;731;70;0;101;0;0;0;0;14;21;2;402;7;0;4
184;3;29;773;92;0;105;0;4;0;0;11;20;3;454;9;0;4
205;3;40;848;93;0;98;0;5;0;0;8;37;4;508;22;0;4
189;3;33;749;83;0;70;0;1;0;0;8;40;5;444;19;1;4
198;3;41;781;115;0;71;0;2;0;0;5;34;6;470;3;1;4
209;3;49;925;118;0;98;0;3;0;0;6;52;7;547;10;2;4
217;3;44;875;142;0;95;0;2;0;0;10;46;8;560;3;1;4
168;3;36;664;94;0;74;0;0;0;0;12;42;9;433;7;0;4
184;3;65;838;108;0;86;0;0;0;0;5;46;10;516;21;1;4
201;3;48;798;110;0;84;0;0;0;0;5;41;11;516;27;0;4
187;3;71;841;91;0;89;0;1;0;0;4;50;12;499;6;0;4
192;3;34;816;117;0;116;0;2;0;0;4;45;13;524;12;2;4
181;3;34;830;105;0;106;0;2;0;0;6;42;14;488;12;0;4
98;3;31;385;56;0;38;0;0;0;0;2;30;15;262;6;1;4
196;3;57;980;141;0;83;0;0;0;0;6;45;16;562;34;0;4
97;3;19;464;63;0;39;0;4;0;0;8;22;17;261;6;3;4
202;3;46;780;73;0;97;0;4;0;0;7;44;18;483;7;3;4
203;3;53;887;110;0;92;0;3;0;0;10;51;19;542;18;2;4
217;3;42;893;117;0;90;0;6;0;0;7;43;20;542;20;0;4
226;3;38;905;153;0;77;0;1;0;0;12;22;21;549;18;2;4
231;3;23;894;80;0;95;0;5;0;0;5;43;22;494;11;1;4
237;3;19;946;148;0;62;0;7;0;0;6;35;23;517;2;1;4
236;3;19;835;168;0;15;0;32;0;0;1;5;24;482;6;0;4
229;3;32;953;127;0;62;0;6;0;0;6;26;25;514;25;1;4
194;3;30;810;144;0;29;0;5;0;0;9;17;26;447;16;3;4
200;3;21;976;189;0;30;0;6;0;0;6;16;27;474;5;1;4
225;3;24;971;213;0;30;0;2;0;0;9;8;28;523;11;1;4
240;3;29;871;134;0;54;0;9;0;0;7;32;29;514;6;3;4
237;3;22;993;172;0;64;0;6;0;0;6;21;30;552;23;1;4
176;3;32;713;110;0;82;0;6;0;0;3;39;31;457;8;1;4
174;3;49;809;120;0;74;0;3;0;0;5;52;32;497;18;2;4
132;3;32;649;98;0;38;0;5;0;0;8;24;33;339;2;0;4
200;3;42;831;128;0;57;0;1;0;0;6;21;34;467;11;1;4
196;3;13;698;125;0;36;0;2;0;0;4;18;35;398;4;0;4
247;3;21;774;138;0;23;0;2;0;0;3;14;36;491;43;0;4
98;3;57;599;70;0;71;0;0;0;0;4;49;37;369;18;2;4
175;3;94;968;117;0;87;0;0;0;0;5;55;38;542;8;1;4
177;3;51;744;95;0;80;0;0;0;0;5;48;39;475;19;0;4
227;3;91;1033;117;0;80;0;1;0;0;10;69;40;613;18;0;4
163;3;63;757;92;0;71;0;3;0;0;2;43;41;449;11;1;4
131;3;43;565;74;0;64;0;0;0;0;5;32;42;354;4;1;4
213;3;67;1006;130;0;94;0;2;0;0;14;32;43;585;32;1;4
221;3;67;927;105;0;110;0;1;0;0;8;46;44;584;26;0;4
151;3;50;650;86;0;77;0;0;0;0;0;37;45;405;4;0;4
186;3;39;736;107;0;62;0;5;0;0;10;30;46;453;14;0;4
145;3;29;643;91;0;61;0;3;0;0;7;26;47;369;7;0;4
206;3;44;826;116;0;81;0;5;0;0;7;27;48;506;20;0;4
137;3;49;622;75;0;58;0;0;0;0;3;28;49;353;3;0;4
168;3;32;641;86;0;44;0;2;0;0;5;27;50;367;2;1;4
250;3;57;965;118;0;94;0;0;0;0;3;45;51;582;14;1;4
153;3;20;561;64;0;81;0;7;0;0;1;24;52;353;3;0;4
126;3;6;496;82;0;7;0;4;0;0;1;4;53;236;5;1;4
151;3;53;833;135;0;53;0;1;0;0;6;47;54;455;8;1;4
175;3;77;797;98;0;74;0;0;0;0;6;53;55;491;7;1;4
211;3;96;952;95;0;80;0;1;0;0;5;54;56;563;20;1;4
151;3;73;817;112;0;59;0;4;0;0;2;52;57;465;12;0;4
120;3;31;575;101;0;17;0;0;0;0;4;34;58;315;7;1;4
217;3;75;954;112;0;58;0;0;0;0;9;46;59;536;19;0;4
184;3;42;780;118;0;82;0;1;0;0;5;25;60;468;10;1;4
207;3;30;921;116;0;79;0;7;0;0;15;40;61;514;18;2;4
181;3;19;742;99;0;77;0;3;0;0;9;26;62;426;9;3;4
139;3;35;757;109;0;51;0;1;0;0;9;21;63;387;21;1;4
192;3;31;813;96;0;83;0;7;0;0;4;30;64;452;9;0;4
166;3;47;870;127;0;50;0;2;0;0;3;30;65;434;6;3;4
171;3;8;796;176;0;16;0;19;0;0;3;11;66;423;19;0;4
163;3;25;745;172;0;20;0;10;0;0;6;22;67;431;13;0;4
144;3;76;613;102;0;47;0;1;0;0;7;21;68;402;4;0;4
134;3;57;792;129;0;41;0;0;0;0;7;16;69;407;23;0;4
134;3;10;443;58;0;49;0;3;0;0;6;12;70;274;2;0;4
127;3;22;508;48;0;58;0;1;0;0;3;30;71;294;5;0;4
0;3;0;0;0;0;0;0;0;0;0;0;0;72;0;0;0;4
0;3;0;0;0;0;0;0;0;0;0;0;0;73;0;0;0;4
0;3;0;0;0;0;0;0;0;0;0;0;0;74;0;0;0;4
17;3;9;0;4;0;3;0;0;0;0;0;1;75;38;4;0;4
3644;3;1209;0;1796;0;1628;0;98;0;0;96;819;76;9405;100;15;4
164;10;25;0;108;0;29;0;1;0;0;2;20;0;363;13;1;5
257;10;47;817;187;0;48;0;15;0;0;5;20;1;601;21;1;5
197;10;30;848;161;0;44;0;11;0;0;8;16;2;481;9;5;5
188;10;44;891;152;0;39;0;5;0;0;9;22;3;485;25;1;5
185;10;45;1245;191;0;75;0;6;0;0;5;33;4;550;6;4;5
104;10;12;531;104;0;17;0;11;0;0;3;6;5;277;20;0;5
139;10;16;655;131;0;24;0;16;0;0;4;17;6;356;9;0;5
188;10;26;726;152;0;29;0;14;0;0;3;15;7;432;5;0;5
132;10;9;640;152;0;21;0;4;0;0;3;8;8;339;8;2;5
92;10;14;416;67;0;21;0;6;0;0;3;9;9;230;17;1;5
171;10;35;775;142;0;32;0;9;0;0;8;24;10;427;6;0;5
250;10;22;908;247;0;35;0;6;0;0;5;18;11;599;14;2;5
96;10;5;387;101;0;8;0;0;0;0;3;2;12;219;4;0;5
192;10;11;949;233;0;17;0;11;0;0;5;9;13;490;11;1;5
234;10;14;800;147;0;17;0;24;0;0;0;10;14;460;14;0;5
186;10;18;747;136;0;25;0;19;0;0;8;11;15;417;13;1;5
197;10;27;845;170;0;41;0;15;0;0;8;12;16;479;7;2;5
103;10;12;478;110;0;13;0;10;0;0;1;4;17;257;3;1;5
160;10;9;694;159;0;17;0;18;0;0;2;10;18;375;0;0;5
112;10;27;556;97;0;23;0;2;0;0;6;11;19;288;9;1;5
107;10;27;690;123;0;28;0;2;0;0;5;9;20;313;12;0;5
112;10;35;562;95;0;33;0;11;0;0;8;12;21;316;10;0;5
132;10;18;692;121;0;24;0;9;0;0;3;10;22;335;17;1;5
100;10;9;513;122;0;7;0;7;0;0;1;4;23;257;7;0;5
173;10;8;748;134;0;13;0;27;0;0;3;9;24;379;12;0;5
137;10;9;548;130;0;16;0;22;0;0;1;4;25;328;9;0;5
145;10;12;657;126;0;17;0;12;0;0;3;7;26;332;10;0;5
162;10;13;692;141;0;28;0;13;0;0;2;17;27;383;7;0;5
94;10;17;453;141;0;12;0;4;0;0;1;12;28;286;5;0;5
200;10;14;829;204;0;14;0;42;0;0;2;5;29;497;16;0;5
169;10;15;688;153;0;13;0;26;0;0;0;5;30;401;18;2;5
169;10;19;940;234;0;40;0;25;0;0;5;15;31;524;15;2;5
192;10;47;853;189;0;30;0;12;0;0;4;17;32;498;7;0;5
150;10;13;751;159;0;15;0;4;0;0;8;13;33;365;3;0;5
121;10;13;630;110;0;21;0;6;0;0;4;9;34;292;8;0;5
110;10;31;732;119;0;30;0;19;0;0;5;10;35;339;12;3;5
105;10;10;475;77;0;28;0;17;0;0;6;6;36;252;3;0;5
87;10;14;510;70;0;23;0;13;0;0;3;12;37;224;2;0;5
169;10;23;770;102;0;28;0;11;0;0;9;15;38;359;1;1;5
194;10;27;781;128;0;33;0;18;0;0;3;18;39;441;18;2;5
114;10;18;516;93;0;23;0;9;0;0;5;5;40;276;8;1;5
164;10;36;806;157;0;35;0;10;0;0;4;16;41;431;9;0;5
205;10;37;854;225;0;20;0;8;0;0;2;6;42;511;8;0;5
176;10;35;750;118;0;46;0;11;0;0;6;21;43;416;3;0;5
123;10;28;695;131;0;36;0;4;0;0;4;16;44;352;7;3;5
161;10;23;893;168;0;41;0;14;0;0;3;27;45;456;19;0;5
208;10;21;854;165;0;41;0;9;0;0;2;23;46;481;12;0;5
188;10;29;905;196;0;46;0;9;0;0;6;29;47;523;20;0;5
193;10;33;808;142;0;39;0;8;0;0;4;21;48;461;21;0;5
92;10;17;441;82;0;19;0;10;0;0;1;7;49;231;3;0;5
130;10;9;583;94;0;30;0;15;0;0;3;5;50;298;10;2;5
89;10;17;522;106;0;23;0;9;0;0;10;15;51;278;8;1;5
168;10;22;688;134;0;43;0;2;0;0;2;13;52;394;9;1;5
110;10;28;614;107;0;17;0;8;0;0;4;4;53;283;5;0;5
123;10;10;724;182;0;9;0;7;0;0;5;4;54;359;19;0;5
169;10;27;861;203;0;40;0;5;0;0;3;18;55;469;4;0;5
107;10;15;584;161;0;8;0;8;0;0;1;8;56;331;23;0;5
193;10;33;739;160;0;28;0;17;0;0;4;17;57;457;5;0;5
218;10;24;793;197;0;47;0;19;0;0;4;28;58;551;13;1;5
219;10;23;891;246;0;18;0;24;0;0;2;4;59;557;21;0;5
151;10;13;848;197;0;14;0;25;0;0;4;9;60;430;13;4;5
167;10;46;796;175;0;42;0;3;0;0;9;18;61;468;7;1;5
198;10;27;837;163;0;38;0;10;0;0;4;17;62;464;6;1;5
195;10;29;834;182;0;34;0;7;0;0;5;23;63;485;10;0;5
198;10;22;877;224;0;22;0;16;0;0;3;16;64;526;24;1;5
133;10;12;687;155;0;29;0;16;0;0;7;8;65;376;16;0;5
158;10;18;815;211;0;17;0;7;0;0;0;10;66;437;14;2;5
221;10;41;975;228;0;26;0;13;0;0;3;19;67;560;9;0;5
186;10;27;712;140;0;24;0;6;0;0;2;6;68;403;9;3;5
224;10;25;964;251;0;31;0;5;0;0;4;9;69;575;24;2;5
221;10;35;904;200;0;23;0;14;0;0;1;22;70;524;7;1;5
166;10;13;808;124;0;22;0;26;0;0;6;19;71;391;15;0;5
211;10;20;882;178;0;30;0;7;0;0;5;16;72;490;23;0;5
221;10;34;939;207;0;19;0;10;0;0;9;10;73;524;13;1;5
250;10;29;1012;263;0;19;0;10;0;0;2;16;74;603;14;0;5
253;10;18;955;189;0;36;0;14;0;0;6;26;75;560;17;1;5
214;10;22;905;215;0;18;0;10;0;0;4;9;76;504;10;2;5
170;10;27;771;172;0;16;0;7;0;0;2;14;77;427;19;0;5
161;10;15;733;153;0;12;0;6;0;0;2;7;78;362;6;0;5
239;10;36;954;221;0;19;0;3;0;0;4;8;79;569;37;2;5
206;10;22;939;200;0;18;0;28;0;0;3;13;80;500;8;2;5
162;10;3;865;188;0;10;0;23;0;0;3;10;81;415;15;1;5
144;10;8;725;188;0;4;0;21;0;0;2;3;82;377;7;0;5
282;10;12;863;109;0;8;0;43;0;0;0;5;83;463;3;1;5
229;10;28;954;247;0;16;0;16;0;0;4;14;84;567;11;2;5
225;10;35;1015;198;0;49;0;23;0;0;3;35;85;602;33;1;5
220;10;27;955;210;0;20;0;29;0;0;6;23;86;541;6;0;5
160;10;40;697;161;0;14;0;9;0;0;2;11;87;410;12;1;5
161;10;36;676;132;0;29;0;4;0;0;4;21;88;403;15;1;5
288;10;43;1072;192;0;38;0;5;0;0;6;22;89;615;20;1;5
232;10;35;884;241;0;25;0;1;0;0;9;13;90;565;7;2;5
200;10;10;912;307;0;17;0;7;0;0;3;18;91;585;22;1;5
228;10;28;830;205;0;32;0;6;0;0;2;22;92;530;7;0;5
239;10;68;882;212;0;48;0;1;0;0;4;30;93;614;11;1;5
259;10;73;982;241;0;44;0;6;0;0;6;38;94;704;35;2;5
239;10;28;934;253;0;17;0;1;0;0;4;18;95;570;9;1;5
243;10;46;1048;250;0;31;0;14;0;0;5;23;96;650;37;1;5
149;10;10;534;106;0;13;0;6;0;0;4;13;97;311;10;0;5
179;10;13;767;208;0;11;0;2;0;0;1;3;98;447;28;2;5
170;10;17;699;192;0;14;0;8;0;0;1;4;99;415;8;1;5
239;10;28;975;293;0;30;0;3;0;0;14;30;100;656;17;2;5
206;10;16;695;180;0;18;0;24;0;0;3;13;101;469;7;2;5
195;10;15;1142;282;0;12;0;9;0;0;7;6;102;541;15;0;5
233;10;33;1004;195;0;29;0;10;0;0;2;23;103;533;8;0;5
227;10;45;1012;177;0;66;0;12;0;0;4;50;104;588;7;0;5
146;10;32;564;97;0;51;0;4;0;0;5;26;105;371;10;0;5
267;10;15;817;222;0;11;0;0;0;0;1;16;106;558;26;0;5
204;10;32;828;284;0;36;0;0;0;0;6;30;107;602;8;2;5
281;10;25;937;235;0;46;0;3;0;0;8;47;108;666;19;2;5
247;10;24;916;306;0;24;0;2;0;0;5;15;109;650;24;3;5
212;10;25;907;311;0;16;0;19;0;0;6;23;110;615;2;1;5
138;10;13;646;217;0;11;0;8;0;0;1;7;111;409;13;1;5
221;10;29;896;265;0;20;0;0;0;0;6;16;112;564;7;0;5
151;10;21;683;196;0;18;0;0;0;0;3;12;113;414;11;2;5
259;10;24;949;294;0;15;0;15;0;0;4;14;114;639;12;2;5
344;10;20;1072;209;0;10;0;58;0;0;2;9;115;660;8;0;5
211;10;20;819;251;0;14;0;0;0;0;4;10;116;534;24;0;5
181;10;28;775;203;0;19;0;15;0;0;3;8;117;481;23;1;5
186;10;8;737;272;0;14;0;0;0;0;3;18;118;523;19;3;5
205;10;20;786;236;0;30;0;4;0;0;8;16;119;542;22;1;5
227;10;20;1038;337;0;21;0;3;0;0;7;13;120;655;24;3;5
200;10;14;712;169;0;14;0;31;0;0;2;9;121;451;11;1;5
323;10;34;1084;264;0;16;0;10;0;0;5;9;122;700;38;1;5
293;10;20;1011;266;0;13;0;13;0;0;0;11;123;627;11;0;5
262;10;30;1102;308;0;16;0;20;0;0;3;7;124;657;10;1;5
218;10;20;930;228;0;13;0;22;0;0;7;9;125;529;11;1;5
197;10;14;821;247;0;9;0;8;0;0;1;17;126;496;3;0;5
190;10;28;876;295;0;15;0;4;0;0;3;7;127;551;6;3;5
211;10;20;831;195;0;2;0;17;0;0;2;9;128;485;29;0;5
226;10;26;876;255;0;12;0;7;0;0;4;20;129;562;12;0;5
57;10;48;211;35;0;1;0;1;0;0;0;5;130;153;6;0;5
142;10;95;690;156;0;47;0;0;0;0;4;37;131;487;6;0;5
176;10;92;812;241;0;40;0;4;0;0;6;37;132;609;11;2;5
249;10;97;1019;265;0;43;0;1;0;0;3;42;133;718;17;1;5
122;10;43;623;184;0;32;0;2;0;0;2;20;134;435;30;0;5
227;10;44;998;349;0;37;0;9;0;0;4;34;135;722;12;6;5
215;10;79;880;199;0;44;0;3;0;0;8;30;136;595;14;3;5
240;10;82;1051;336;0;40;0;0;0;0;3;34;137;771;36;0;5
175;10;38;728;65;0;102;0;11;0;0;5;22;138;423;5;0;5
135;10;14;472;43;0;83;0;10;0;0;1;18;139;305;1;0;5
111;10;13;401;46;0;66;0;0;0;0;4;9;140;250;1;0;5
26;10;4;0;7;0;0;0;0;0;0;0;0;141;37;0;0;5
0;10;0;0;0;0;0;0;0;0;0;0;0;142;0;0;0;5
5348;10;922;0;4054;0;1037;0;87;0;0;119;512;143;12236;129;28;5
65;11;6;0;74;0;10;0;2;0;0;3;5;0;174;8;1;6
170;11;4;568;115;0;6;0;11;0;0;3;7;1;319;3;0;6
177;11;53;872;230;0;27;0;6;0;0;4;23;2;544;23;1;6
221;11;22;868;280;0;11;0;5;0;0;5;13;3;574;17;0;6
101;11;8;491;97;0;8;0;12;0;0;5;2;4;235;2;0;6
146;11;27;861;267;0;31;0;19;0;0;4;35;5;536;6;1;6
207;11;27;937;160;0;36;0;11;0;0;6;17;6;480;16;0;6
194;11;19;945;298;0;21;0;15;0;0;2;12;7;568;7;0;6
271;11;30;1051;202;0;17;0;58;0;0;0;13;8;629;36;2;6
216;11;13;879;219;0;12;0;6;0;0;3;17;9;498;9;3;6
240;11;31;848;162;0;69;0;6;0;0;6;31;10;555;9;1;6
192;11;23;915;237;0;33;0;9;0;0;5;14;11;527;12;2;6
233;11;36;963;105;0;105;0;0;0;0;21;51;12;575;23;1;6
190;11;25;734;133;0;46;0;1;0;0;2;22;13;424;5;0;6
116;11;17;461;80;0;10;0;12;0;0;1;8;14;253;9;0;6
128;11;12;562;129;0;9;0;2;0;0;2;7;15;298;8;1;6
235;11;19;888;241;0;11;0;5;0;0;6;8;16;537;11;1;6
103;11;24;530;114;0;17;0;9;0;0;6;15;17;303;14;1;6
105;11;17;677;121;0;19;0;16;0;0;2;16;18;306;9;1;6
133;11;18;368;92;0;21;0;4;0;0;4;12;19;292;8;0;6
195;11;17;802;190;0;6;0;18;0;0;5;8;20;455;15;1;6
269;11;33;945;224;0;31;0;4;0;0;4;13;21;584;5;1;6
225;11;13;820;125;0;80;0;4;0;0;10;31;22;498;7;3;6
252;11;13;844;225;0;17;0;2;0;0;4;18;23;548;16;1;6
150;11;5;778;193;0;14;0;5;0;0;2;10;24;389;8;2;6
148;11;19;669;132;0;29;0;9;0;0;3;21;25;364;3;0;6
177;11;26;871;219;0;25;0;9;0;0;4;19;26;498;17;2;6
199;11;19;946;237;0;15;0;31;0;0;1;16;27;530;11;1;6
214;11;24;878;213;0;21;0;11;0;0;6;13;28;526;22;2;6
136;11;11;576;119;0;13;0;7;0;0;6;8;29;304;3;1;6
196;11;18;776;198;0;21;0;4;0;0;8;22;30;502;35;0;6
141;11;38;737;182;0;21;0;9;0;0;4;25;31;425;5;0;6
166;11;55;698;223;0;28;0;3;0;0;2;25;32;521;18;1;6
218;11;28;897;282;0;23;0;2;0;0;6;22;33;609;26;2;6
238;11;33;898;269;0;18;0;7;0;0;0;22;34;609;20;2;6
160;11;9;906;255;0;11;0;19;0;0;11;9;35;490;16;0;6
233;11;15;1036;306;0;24;0;26;0;0;10;9;36;627;4;0;6
184;11;24;754;160;0;38;0;9;0;0;4;18;37;452;14;1;6
188;11;20;794;178;0;20;0;4;0;0;3;22;38;454;17;2;6
269;11;29;1030;248;0;47;0;1;0;0;5;26;39;639;12;2;6
233;11;21;1036;268;0;25;0;11;0;0;7;17;40;595;13;0;6
207;11;18;901;237;0;5;0;11;0;0;3;7;41;522;33;1;6
204;11;19;936;309;0;13;0;18;0;0;1;17;42;601;18;2;6
226;11;19;767;215;0;17;0;3;0;0;6;19;43;523;16;2;6
187;11;16;774;200;0;11;0;8;0;0;1;13;44;454;18;0;6
254;11;29;980;236;0;61;0;12;0;0;10;38;45;667;26;1;6
193;11;13;813;280;0;8;0;9;0;0;5;6;46;519;5;0;6
167;11;20;735;242;0;28;0;1;0;0;3;15;47;494;18;0;6
181;11;31;752;176;0;25;0;5;0;0;1;21;48;463;22;1;6
172;11;27;742;222;0;15;0;0;0;0;2;15;49;473;20;0;6
149;11;62;840;198;0;24;0;2;0;0;2;16;50;481;23;5;6
183;11;44;883;326;0;22;0;1;0;0;3;31;51;637;26;1;6
184;11;12;821;244;0;11;0;21;0;0;2;14;52;494;6;0;6
255;11;29;873;210;0;24;0;9;0;0;11;15;53;563;10;0;6
177;11;21;690;229;0;18;0;1;0;0;5;21;54;484;12;0;6
220;11;34;957;280;0;28;0;3;0;0;0;17;55;621;37;2;6
302;11;23;1071;324;0;5;0;15;0;0;7;8;56;694;10;0;6
222;11;23;976;289;0;15;0;16;0;0;3;17;57;606;20;1;6
244;11;9;918;298;0;18;0;14;0;0;1;10;58;604;8;2;6
163;11;21;586;171;0;36;0;1;0;0;2;28;59;428;6;0;6
263;11;50;1137;338;0;34;0;2;0;0;3;42;60;762;28;2;6
171;11;35;916;267;0;16;0;25;0;0;4;8;61;562;36;0;6
205;11;21;892;285;0;10;0;16;0;0;3;2;62;556;14;0;6
275;11;22;1067;342;0;16;0;24;0;0;4;5;63;707;18;1;6
291;11;30;1148;342;0;16;0;3;0;0;7;21;64;736;25;1;6
233;11;25;1064;308;0;49;0;4;0;0;2;27;65;670;22;0;6
238;11;31;1144;351;0;26;0;10;0;0;14;29;66;729;27;3;6
254;11;21;1023;284;0;23;0;10;0;0;2;25;67;631;12;0;6
204;11;12;843;239;0;18;0;11;0;0;0;21;68;523;16;2;6
203;11;16;903;249;0;14;0;16;0;0;4;15;69;528;11;0;6
125;11;15;575;150;0;20;0;10;0;0;4;21;70;353;8;0;6
122;11;25;656;137;0;25;0;3;0;0;1;20;71;334;1;0;6
137;11;26;709;88;0;49;0;2;0;0;3;22;72;332;5;0;6
2858;11;450;0;2354;0;471;0;65;0;0;53;288;73;6648;87;22;6
86;12;9;0;56;0;24;0;0;0;0;5;10;0;191;1;0;7
177;12;32;903;137;0;61;0;8;0;0;7;16;1;455;16;1;7
199;12;15;787;130;0;43;0;4;0;0;3;23;2;426;9;0;7
152;12;14;870;166;0;24;0;16;0;0;7;4;3;392;8;1;7
172;12;27;822;99;0;70;0;4;0;0;9;23;4;424;20;0;7
114;12;11;440;79;0;36;0;1;0;0;2;9;5;264;11;1;7
144;12;12;632;130;0;26;0;6;0;0;7;7;6;341;6;3;7
174;12;25;817;173;0;38;0;4;0;0;1;13;7;455;25;2;7
173;12;19;733;105;0;49;0;7;0;0;2;19;8;382;6;2;7
149;12;41;709;116;0;55;0;3;0;0;5;30;9;412;13;0;7
180;12;56;933;146;0;98;0;4;0;0;11;36;10;546;14;1;7
347;12;37;1176;259;0;91;0;9;0;0;4;35;11;808;25;1;7
153;12;12;787;188;0;28;0;2;0;0;4;11;12;409;8;3;7
243;12;15;1068;198;0;37;0;14;0;0;7;16;13;553;20;3;7
147;12;26;658;177;0;33;0;2;0;0;1;23;14;423;12;2;7
240;12;37;1000;178;0;62;0;6;0;0;5;20;15;575;26;1;7
137;12;15;530;82;0;39;0;10;0;0;7;18;16;316;6;2;7
64;12;38;438;38;0;19;0;1;0;0;1;7;17;172;3;1;7
190;12;25;869;142;0;50;0;5;0;0;5;21;18;454;9;7;7
170;12;17;782;184;0;14;0;15;0;0;2;12;19;430;12;4;7
228;12;31;919;191;0;58;0;3;0;0;6;20;20;543;6;0;7
174;12;15;706;178;0;24;0;7;0;0;3;6;21;413;6;0;7
147;12;34;744;118;0;50;0;9;0;0;11;14;22;388;5;0;7
174;12;26;794;167;0;46;0;10;0;0;2;19;23;456;11;1;7
169;12;29;715;128;0;31;0;6;0;0;7;23;24;415;20;2;7
155;12;24;699;105;0;47;0;7;0;0;2;20;25;374;13;1;7
178;12;27;849;167;0;52;0;13;0;0;8;21;26;474;8;0;7
276;12;38;1016;211;0;52;0;4;0;0;10;23;27;626;7;5;7
235;12;47;971;207;0;47;0;10;0;0;5;33;28;595;10;1;7
151;12;45;831;123;0;79;0;5;0;0;12;30;29;459;12;2;7
174;12;63;939;151;0;92;0;0;0;0;7;32;30;524;5;0;7
183;12;30;864;164;0;45;0;10;0;0;7;15;31;479;25;0;7
306;12;33;1413;176;0;184;0;8;0;0;10;67;32;790;6;0;7
225;12;56;946;140;0;65;0;6;0;0;6;35;33;550;16;1;7
131;12;24;573;83;0;62;0;2;0;0;8;23;34;337;4;0;7
166;12;42;710;112;0;69;0;2;0;0;6;18;35;422;6;1;7
155;12;66;843;116;0;83;0;0;0;0;1;56;36;490;12;1;7
140;12;44;608;93;0;56;0;9;0;0;1;20;37;365;2;0;7
93;12;27;572;65;0;37;0;0;0;0;6;22;38;253;3;0;7
175;12;41;828;95;0;88;0;0;0;0;6;28;39;451;18;0;7
170;12;43;787;109;0;57;0;3;0;0;8;19;40;419;10;0;7
218;12;28;1003;195;0;21;0;9;0;0;6;16;41;524;29;2;7
212;12;11;985;209;0;21;0;21;0;0;7;15;42;507;9;2;7
269;12;20;1107;285;0;31;0;2;0;0;3;15;43;638;8;5;7
268;12;12;1116;233;0;13;0;30;0;0;4;9;44;608;39;0;7
256;12;53;1126;281;0;44;0;8;0;0;7;38;45;726;36;3;7
280;12;60;1116;228;0;51;0;6;0;0;5;44;46;688;14;0;7
245;12;12;1129;228;0;20;0;21;0;0;9;17;47;572;18;2;7
164;12;41;731;132;0;57;0;0;0;0;2;37;48;452;18;1;7
189;12;85;866;149;0;62;0;4;0;0;8;32;49;541;12;0;7
173;12;75;823;147;0;65;0;3;0;0;6;33;50;512;10;0;7
164;12;57;682;142;0;68;0;0;0;0;8;36;51;486;10;1;7
255;12;46;984;257;0;17;0;8;0;0;4;19;52;628;19;3;7
345;12;47;1192;300;0;45;0;10;0;0;3;20;53;791;18;3;7
150;12;36;449;77;0;5;0;0;0;0;0;8;54;287;11;0;7
256;12;15;1035;202;0;18;0;17;0;0;4;13;55;537;12;0;7
215;12;17;726;164;0;10;0;3;0;0;2;6;56;428;10;1;7
308;12;22;994;160;0;12;0;32;0;0;1;12;57;567;19;1;7
216;12;57;957;231;0;45;0;6;0;0;1;20;58;591;14;1;7
196;12;27;844;150;0;45;0;5;0;0;5;22;59;461;9;2;7
209;12;61;839;166;0;46;0;5;0;0;9;36;60;545;12;1;7
173;12;33;654;129;0;53;0;1;0;0;5;26;61;426;4;2;7
218;12;64;981;214;0;58;0;5;0;0;3;31;62;602;7;2;7
365;12;74;1186;252;0;40;0;8;0;0;7;32;63;817;39;0;7
225;12;54;882;230;0;47;0;3;0;0;3;42;64;622;18;0;7
174;12;42;658;135;0;33;0;0;0;0;8;27;65;445;25;1;7
2849;12;708;0;1661;0;940;0;23;0;0;80;440;66;6793;75;17;7
47;13;20;0;31;0;20;0;0;0;0;2;10;0;133;3;0;8
168;13;144;1053;167;0;92;0;1;0;0;5;61;1;646;8;0;8
219;13;87;1119;174;0;55;0;4;0;0;7;44;2;606;16;0;8
158;13;83;787;170;0;50;0;2;0;0;8;39;3;515;5;0;8
191;13;58;910;138;0;67;0;2;0;0;11;40;4;521;13;1;8
261;13;108;1057;141;0;87;0;1;0;0;8;68;5;698;22;2;8
195;13;154;1014;143;0;75;0;1;0;0;3;50;6;635;12;2;8
175;13;124;842;105;0;56;0;1;0;0;9;57;7;537;9;1;8
137;13;80;647;89;0;51;0;0;0;0;6;33;8;408;11;1;8
166;13;75;699;147;0;36;0;0;0;0;2;47;9;482;8;1;8
147;13;141;802;155;0;49;0;0;0;0;6;54;10;565;10;3;8
162;13;158;919;147;0;86;0;1;0;0;3;82;11;650;10;1;8
145;13;144;818;133;0;68;0;0;0;0;5;65;12;574;14;0;8
181;13;108;764;95;0;35;0;0;0;0;9;31;13;466;6;1;8
210;13;95;946;130;0;94;0;1;0;0;3;80;14;622;6;3;8
201;13;157;974;135;0;71;0;3;0;0;4;67;15;642;4;0;8
221;13;121;934;130;0;56;0;1;0;0;6;39;16;591;15;2;8
206;13;135;1073;162;0;88;0;1;0;0;5;61;17;676;16;2;8
199;13;152;988;137;0;82;0;0;0;0;2;72;18;665;20;1;8
168;13;135;1000;156;0;61;0;0;0;0;7;66;19;614;19;2;8
180;13;181;1140;132;0;85;0;0;0;0;10;132;20;747;27;0;8
184;13;94;927;158;0;57;0;1;0;0;7;50;21;562;11;0;8
221;13;117;1184;268;0;71;0;0;0;0;3;64;22;759;13;2;8
239;13;138;1130;195;0;82;0;2;0;0;5;59;23;738;18;0;8
285;13;35;1108;223;0;30;0;0;0;0;10;17;24;621;19;2;8
186;13;138;789;116;0;53;0;0;0;0;4;43;25;554;13;1;8
195;13;157;1055;152;0;109;0;1;0;0;5;74;26;701;8;0;8
198;13;97;958;159;0;53;0;0;0;0;4;76;27;596;7;2;8
268;13;67;924;171;0;53;0;1;0;0;2;50;28;628;14;2;8
193;13;132;913;149;0;70;0;0;0;0;3;62;29;620;11;0;8
213;13;133;1132;174;0;64;0;1;0;0;9;52;30;664;17;1;8
221;13;41;853;209;0;25;0;1;0;0;5;18;31;540;19;1;8
205;13;115;959;131;0;78;0;0;0;0;2;69;32;613;11;2;8
167;13;132;946;134;0;75;0;1;0;0;5;68;33;610;28;0;8
132;13;116;761;115;0;53;0;1;0;0;3;62;34;493;11;0;8
197;13;83;906;227;0;52;0;1;0;0;8;33;35;611;9;1;8
146;13;134;935;158;0;63;0;3;0;0;14;61;36;597;17;1;8
202;13;119;1171;209;0;48;0;1;0;0;7;61;37;675;26;2;8
150;13;149;891;116;0;82;0;1;0;0;3;61;38;572;10;0;8
91;13;108;618;77;0;57;0;0;0;0;4;66;39;408;5;0;8
150;13;62;651;110;0;51;0;2;0;0;6;27;40;422;14;0;8
130;13;70;597;106;0;34;0;2;0;0;3;23;41;376;8;0;8
0;13;0;0;0;0;0;0;0;0;0;0;0;42;0;0;0;8
0;13;0;0;0;0;0;0;0;0;0;0;0;43;0;0;0;8
0;13;0;0;0;0;0;0;0;0;0;0;0;44;0;0;0;8
0;13;0;0;0;0;0;0;0;0;0;0;0;45;0;0;0;8
1983;13;1342;0;1345;0;674;0;8;0;0;33;609;46;6060;54;12;8
122;14;13;0;70;0;30;0;0;0;0;5;18;0;264;5;1;9
150;14;36;773;130;0;58;0;4;0;0;7;21;1;420;12;2;9
187;14;73;892;139;0;82;0;3;0;0;7;37;2;541;13;0;9
179;14;28;729;136;0;36;0;0;0;0;5;30;3;427;13;0;9
160;14;54;707;122;0;60;0;0;0;0;1;37;4;443;6;3;9
143;14;47;580;95;0;40;0;3;0;0;1;23;5;357;5;0;9
157;14;72;858;107;0;87;0;0;0;0;7;38;6;482;12;2;9
197;14;93;933;106;0;127;0;1;0;0;7;57;7;592;4;0;9
158;14;49;1001;127;0;105;0;0;0;0;1;40;8;504;22;2;9
187;14;65;870;123;0;90;0;2;0;0;3;48;9;537;18;1;9
266;14;44;960;176;0;43;0;5;0;0;4;21;10;568;6;3;9
136;14;66;585;111;0;36;0;0;0;0;1;33;11;395;10;2;9
272;14;71;943;176;0;44;0;1;0;0;4;18;12;620;30;4;9
231;14;25;967;226;0;40;0;5;0;0;4;13;13;565;18;3;9
236;14;46;850;172;0;62;0;3;0;0;3;26;14;557;7;2;9
123;14;20;661;128;0;39;0;12;0;0;2;13;15;356;18;1;9
156;14;54;766;145;0;56;0;1;0;0;1;36;16;454;5;0;9
264;14;80;1155;277;0;75;0;0;0;0;10;63;17;787;15;3;9
288;14;73;1102;188;0;40;0;3;0;0;2;53;18;680;30;3;9
208;14;136;896;158;0;86;0;0;0;0;2;60;19;688;38;0;9
248;14;86;1101;158;0;86;0;0;0;0;5;63;20;656;10;0;9
241;14;115;1023;160;0;81;0;0;0;0;4;67;21;679;9;2;9
218;14;79;963;189;0;72;0;1;0;0;8;44;22;630;17;2;9
171;14;51;817;157;0;74;0;2;0;0;8;40;23;518;14;1;9
180;14;45;856;205;0;50;0;2;0;0;3;23;24;536;24;4;9
145;14;17;656;161;0;34;0;1;0;0;4;22;25;400;14;2;9
211;14;32;974;236;0;33;0;0;0;0;6;21;26;556;16;1;9
257;14;29;1000;231;0;42;0;4;0;0;9;21;27;608;13;2;9
188;14;28;720;142;0;23;0;2;0;0;5;19;28;419;10;2;9
185;14;15;635;143;0;11;0;4;0;0;5;7;29;376;5;1;9
171;14;93;778;154;0;57;0;0;0;0;9;57;30;568;26;1;9
138;14;29;654;139;0;38;0;0;0;0;5;14;31;381;16;2;9
140;14;61;731;154;0;38;0;3;0;0;3;24;32;447;21;3;9
238;14;72;1062;238;0;45;0;6;0;0;4;34;33;647;9;1;9
158;14;73;649;161;0;43;0;1;0;0;1;42;34;484;4;1;9
196;14;61;790;139;0;37;0;3;0;0;3;35;35;483;7;2;9
190;14;26;829;163;0;28;0;5;0;0;7;18;36;439;2;0;9
206;14;54;960;140;0;74;0;3;0;0;10;44;37;550;16;3;9
190;14;98;938;169;0;108;0;0;0;0;7;63;38;643;5;3;9
260;14;74;988;176;0;73;0;0;0;0;1;43;39;638;11;0;9
243;14;92;1031;132;0;109;0;4;0;0;6;63;40;662;10;3;9
236;14;99;1033;164;0;107;0;0;0;0;1;49;41;676;18;2;9
232;14;79;1136;225;0;99;0;0;0;0;7;43;42;701;15;1;9
228;14;35;1030;113;0;84;0;15;0;0;7;35;43;533;14;2;9
180;14;23;939;148;0;75;0;17;0;0;6;22;44;484;12;1;9
180;14;48;1009;134;0;100;0;1;0;0;9;37;45;533;23;1;9
142;14;76;685;139;0;51;0;0;0;0;8;47;46;472;9;0;9
150;14;20;864;166;0;65;0;3;0;0;11;26;47;448;7;0;9
175;14;21;825;179;0;40;0;6;0;0;1;8;48;435;5;0;9
199;14;40;749;122;0;103;0;1;0;0;5;19;49;501;12;0;9
233;14;39;1030;227;0;44;0;2;0;0;7;15;50;588;20;1;9
135;14;37;646;113;0;56;0;1;0;0;2;24;51;374;5;1;9
245;14;48;1006;211;0;39;0;0;0;0;2;29;52;581;5;2;9
247;14;47;999;191;0;49;0;3;0;0;2;18;53;571;12;2;9
256;14;38;996;184;0;71;0;7;0;0;2;21;54;596;14;3;9
246;14;100;1106;178;0;103;0;1;0;0;10;50;55;703;15;0;9
233;14;122;1004;213;0;78;0;0;0;0;6;67;56;726;6;1;9
273;14;90;1167;254;0;114;0;0;0;0;15;59;57;816;8;3;9
228;14;66;983;238;0;51;0;5;0;0;9;40;58;645;4;4;9
278;14;46;1116;244;0;65;0;3;0;0;7;40;59;702;15;4;9
157;14;37;750;141;0;54;0;2;0;0;2;29;60;435;9;4;9
158;14;25;673;137;0;57;0;1;0;0;14;19;61;414;3;0;9
208;14;27;963;170;0;80;0;3;0;0;12;17;62;532;11;4;9
173;14;55;838;143;0;85;0;3;0;0;7;24;63;497;7;0;9
221;14;63;985;163;0;103;0;2;0;0;5;53;64;620;9;1;9
217;14;58;918;162;0;87;0;0;0;0;13;35;65;598;19;7;9
235;14;47;1172;274;0;62;0;10;0;0;9;27;66;673;7;2;9
230;14;36;1005;227;0;71;0;4;0;0;10;27;67;623;14;4;9
0;14;0;0;0;0;0;0;0;0;0;0;0;68;0;0;0;9
0;14;0;0;0;0;0;0;0;0;0;0;0;69;0;0;0;9
3311;14;1109;0;2161;0;1224;0;12;0;0;86;603;70;8607;77;24;9
58;15;14;0;43;0;37;0;1;0;0;4;11;0;171;3;0;10
258;15;15;1086;246;0;21;0;15;0;0;3;8;1;593;26;1;10
287;15;36;976;159;0;29;0;2;0;0;2;11;2;556;22;8;10
253;15;50;985;181;0;86;0;2;0;0;12;18;3;614;11;1;10
218;15;19;861;169;0;27;0;4;0;0;3;13;4;483;28;2;10
194;15;21;838;137;0;21;0;17;0;0;3;19;5;418;5;1;10
228;15;29;932;147;0;85;0;7;0;0;12;21;6;537;7;1;10
136;15;35;751;106;0;56;0;1;0;0;5;19;7;380;20;2;10
187;15;32;855;102;0;88;0;0;0;0;10;18;8;458;21;0;10
146;15;25;778;114;0;93;0;5;0;0;8;22;9;436;20;3;10
187;15;22;846;115;0;56;0;17;0;0;13;16;10;442;16;0;10
167;15;23;880;121;0;115;0;5;0;0;6;15;11;464;12;0;10
180;15;32;830;91;0;131;0;1;0;0;5;34;12;479;4;1;10
224;15;44;1007;146;0;111;0;1;0;0;11;34;13;578;7;0;10
145;15;20;750;81;0;92;0;6;0;0;3;18;14;376;11;0;10
159;15;34;793;78;0;107;0;8;0;0;10;25;15;426;4;1;10
155;15;23;672;130;0;69;0;2;0;0;4;19;16;413;10;1;10
176;15;20;833;128;0;64;0;10;0;0;8;17;17;438;11;4;10
50;15;7;195;26;0;33;0;0;0;0;0;6;18;124;2;0;10
140;15;34;628;86;0;64;0;4;0;0;7;22;19;365;8;0;10
188;15;14;796;105;0;82;0;3;0;0;8;25;20;436;10;1;10
202;15;28;844;108;0;84;0;6;0;0;5;27;21;471;10;1;10
187;15;25;882;147;0;69;0;5;0;0;9;24;22;469;3;0;10
206;15;28;994;159;0;38;0;7;0;0;11;23;23;487;14;1;10
233;15;30;945;142;0;67;0;13;0;0;7;17;24;517;6;2;10
214;15;38;917;126;0;84;0;9;0;0;5;19;25;504;7;2;10
182;15;18;756;109;0;51;0;6;0;0;0;21;26;389;1;1;10
175;15;26;716;121;0;66;0;6;0;0;4;27;27;429;2;2;10
224;15;30;952;182;0;87;0;6;0;0;8;17;28;572;16;2;10
145;15;16;748;103;0;59;0;10;0;0;5;17;29;368;13;0;10
164;15;26;708;131;0;51;0;16;0;0;8;9;30;421;16;0;10
122;15;10;568;74;0;41;0;4;0;0;8;10;31;274;5;0;10
237;15;32;847;99;0;143;0;2;0;0;8;30;32;568;17;0;10
184;15;18;744;92;0;80;0;1;0;0;14;13;33;408;6;0;10
184;15;34;894;108;0;109;0;1;0;0;7;31;34;491;17;0;10
173;15;33;783;71;0;90;0;4;0;0;12;24;35;415;8;0;10
203;15;19;817;101;0;79;0;4;0;0;3;14;36;438;15;0;10
163;15;25;804;89;0;105;0;7;0;0;6;39;37;437;3;0;10
181;15;30;805;122;0;75;0;2;0;0;9;21;38;455;15;0;10
175;15;24;781;112;0;60;0;0;0;0;5;27;39;410;7;0;10
226;15;29;899;124;0;46;0;11;0;0;3;25;40;486;21;1;10
179;15;42;824;164;0;53;0;0;0;0;7;19;41;477;12;1;10
150;15;35;693;97;0;74;0;5;0;0;4;24;42;395;6;0;10
275;15;28;888;151;0;48;0;9;0;0;2;17;43;536;6;0;10
221;15;33;938;163;0;71;0;10;0;0;10;22;44;543;13;0;10
188;15;16;779;114;0;45;0;8;0;0;9;19;45;414;15;0;10
190;15;21;787;123;0;55;0;6;0;0;5;11;46;425;14;0;10
223;15;23;965;139;0;74;0;12;0;0;6;22;47;510;10;1;10
199;15;28;820;130;0;80;0;1;0;0;3;18;48;476;17;0;10
156;15;25;801;109;0;82;0;14;0;0;8;19;49;438;22;3;10
2275;15;399;0;1168;0;1138;0;21;0;0;78;276;50;5425;62;8;10
103;16;20;0;73;0;34;0;0;0;0;2;18;0;257;6;1;11
109;16;21;550;56;0;46;0;4;0;0;7;18;1;267;6;0;11
140;16;15;637;59;0;64;0;6;0;0;4;19;2;314;7;0;11
166;16;30;752;75;0;111;0;7;0;0;15;17;3;430;7;2;11
179;16;39;791;111;0;85;0;7;0;0;9;21;4;469;18;0;11
118;16;33;663;60;0;75;0;8;0;0;8;10;5;357;45;0;11
149;16;19;664;46;0;93;0;9;0;0;12;16;6;345;1;0;11
159;16;30;681;69;0;119;0;4;0;0;5;14;7;412;11;1;11
176;16;25;704;76;0;63;0;12;0;0;5;16;8;379;6;0;11
141;16;14;646;101;0;70;0;4;0;0;7;15;9;360;5;3;11
109;16;12;512;85;0;47;0;3;0;0;7;9;10;280;8;0;11
100;16;20;603;81;0;69;0;5;0;0;6;15;11;304;7;1;11
193;16;39;853;110;0;81;0;11;0;0;12;19;12;483;18;0;11
190;16;26;844;111;0;100;0;5;0;0;6;31;13;484;15;0;11
188;16;39;678;112;0;80;0;4;0;0;13;30;14;482;16;0;11
178;16;20;766;96;0;102;0;15;0;0;12;35;15;479;20;1;11
140;16;20;611;102;0;39;0;8;0;0;5;14;16;337;9;0;11
217;16;25;894;148;0;64;0;16;0;0;8;26;17;508;3;1;11
171;16;26;849;142;0;88;0;7;0;0;12;22;18;479;11;0;11
180;16;21;785;77;0;88;0;2;0;0;6;19;19;404;11;0;11
158;16;21;632;57;0;64;0;3;0;0;9;12;20;329;4;1;11
192;16;26;761;104;0;52;0;5;0;0;6;22;21;421;13;1;11
169;16;24;750;110;0;37;0;12;0;0;3;13;22;377;9;0;11
97;16;14;521;63;0;48;0;2;0;0;7;9;23;246;2;4;11
140;16;22;569;102;0;50;0;8;0;0;3;10;24;343;6;2;11
124;16;12;583;76;0;32;0;4;0;0;2;16;25;279;10;3;11
185;16;19;853;128;0;49;0;11;0;0;6;17;26;452;37;0;11
208;16;10;749;148;0;13;0;4;0;0;1;12;27;419;23;0;11
152;16;20;672;188;0;14;0;7;0;0;5;15;28;404;2;1;11
167;16;16;852;109;0;42;0;20;0;0;5;14;29;389;16;0;11
132;16;29;753;124;0;73;0;6;0;0;9;22;30;400;4;1;11
200;16;32;713;80;0;82;0;9;0;0;13;24;31;456;16;0;11
121;16;28;634;81;0;53;0;10;0;0;3;17;32;326;13;0;11
130;16;23;559;109;0;39;0;0;0;0;2;5;33;328;20;0;11
123;16;16;650;106;0;50;0;5;0;0;8;15;34;337;13;1;11
210;16;39;869;144;0;80;0;2;0;0;4;23;35;509;5;2;11
163;16;46;786;119;0;63;0;10;0;0;2;21;36;444;20;0;11
205;16;60;899;130;0;68;0;1;0;0;5;32;37;516;13;2;11
133;16;14;648;126;0;40;0;2;0;0;5;12;38;356;23;1;11
184;16;35;691;122;0;60;0;7;0;0;3;27;39;458;18;2;11
182;16;39;741;129;0;57;0;11;0;0;6;26;40;463;12;1;11
168;16;40;781;147;0;68;0;1;0;0;7;24;41;472;15;2;11
160;16;35;730;119;0;57;0;4;0;0;9;21;42;416;11;0;11
168;16;17;692;124;0;29;0;2;0;0;3;13;43;373;17;0;11
55;16;21;473;165;0;4;0;0;0;0;1;5;44;266;14;1;11
144;16;10;565;140;0;9;0;7;0;0;1;11;45;331;8;1;11
127;16;8;555;116;0;10;0;10;0;0;3;6;46;288;8;0;11
239;16;27;952;211;0;92;0;9;0;0;15;39;47;637;2;3;11
155;16;28;735;167;0;42;0;7;0;0;1;14;48;421;6;1;11
268;16;23;895;125;0;57;0;1;0;0;6;18;49;512;14;0;11
158;16;28;698;147;0;25;0;8;0;0;4;6;50;394;17;1;11
180;16;49;841;197;0;75;0;5;0;0;5;31;51;558;14;2;11
156;16;24;722;110;0;58;0;3;0;0;8;21;52;410;27;3;11
201;16;29;928;179;0;59;0;19;0;0;6;31;53;541;13;4;11
134;16;17;602;78;0;64;0;6;0;0;4;12;54;318;2;1;11
151;16;36;585;115;0;44;0;1;0;0;0;18;55;366;1;0;11
208;16;36;838;116;0;86;0;3;0;0;9;28;56;501;15;0;11
179;16;29;734;140;0;54;0;3;0;0;10;17;57;460;28;0;11
158;16;33;689;136;0;35;0;5;0;0;6;13;58;402;16;0;11
199;16;41;711;140;0;34;0;1;0;0;6;26;59;459;9;3;11
243;16;46;865;133;0;65;0;5;0;0;6;24;60;532;8;2;11
204;16;28;815;168;0;56;0;6;0;0;5;20;61;493;5;1;11
193;16;48;737;164;0;40;0;4;0;0;3;24;62;510;33;1;11
173;16;22;728;121;0;32;0;4;0;0;8;24;63;409;25;0;11
90;16;12;288;68;0;6;0;1;0;0;2;3;64;187;5;0;11
278;16;48;923;169;0;40;0;14;0;0;9;26;65;598;12;2;11
112;16;16;480;61;0;51;0;3;0;0;3;26;66;276;4;0;11
175;16;38;708;103;0;57;0;3;0;0;7;30;67;419;6;0;11
147;16;8;652;149;0;26;0;2;0;0;6;7;68;354;7;2;11
201;16;21;797;174;0;21;0;10;0;0;7;16;69;466;14;2;11
155;16;46;712;137;0;47;0;2;0;0;6;28;70;454;33;0;11
111;16;17;416;84;0;26;0;1;0;0;3;10;71;266;14;0;11
178;16;60;676;117;0;55;0;1;0;0;2;39;72;457;4;1;11
138;16;22;488;94;0;18;0;9;0;0;2;7;73;300;9;1;11
165;16;23;586;117;0;15;0;22;0;0;4;16;74;371;9;0;11
173;16;96;710;89;0;67;0;1;0;0;4;49;75;489;9;1;11
218;16;71;915;107;0;88;0;2;0;0;6;75;76;588;21;0;11
171;16;115;944;169;0;94;0;1;0;0;4;47;77;615;12;2;11
192;16;131;919;151;0;77;0;1;0;0;4;77;78;639;5;1;11
116;16;34;496;171;0;18;0;1;0;0;2;15;79;375;18;0;11
205;16;35;836;203;0;40;0;2;0;0;1;36;80;546;24;0;11
182;16;40;832;135;0;73;0;0;0;0;2;28;81;464;4;0;11
138;16;19;544;143;0;19;0;6;0;0;3;12;82;350;8;2;11
0;16;0;0;0;0;0;0;0;0;0;0;0;83;0;0;0;11
0;16;0;0;0;0;0;0;0;0;0;0;0;84;0;0;0;11
0;16;0;0;0;0;0;0;0;0;0;0;0;85;0;0;0;11
3243;16;824;0;1834;0;1443;0;93;0;0;87;471;86;8095;82;18;11
43;17;18;0;21;0;30;0;0;0;0;2;8;0;125;3;0;12
183;17;22;812;95;0;82;0;10;0;0;8;22;1;436;14;0;12
173;17;28;746;94;0;85;0;5;0;0;4;30;2;428;9;0;12
179;17;30;882;92;0;118;0;5;0;0;11;37;3;476;2;2;12
150;17;37;671;64;0;74;0;4;0;0;4;26;4;361;2;0;12
152;17;37;779;78;0;89;0;3;0;0;5;31;5;401;5;1;12
178;17;40;827;96;0;111;0;2;0;0;5;27;6;470;11;0;12
199;17;47;920;140;0;93;0;3;0;0;10;34;7;533;7;0;12
230;17;59;950;135;0;76;0;5;0;0;11;34;8;581;30;1;12
186;17;60;888;135;0;98;0;6;0;0;5;35;9;536;11;0;12
200;17;25;903;117;0;102;0;9;0;0;8;37;10;501;3;0;12
200;17;44;925;138;0;83;0;3;0;0;13;23;11;516;12;0;12
186;17;24;922;151;0;70;0;8;0;0;11;27;12;498;21;0;12
227;17;57;946;114;0;92;0;8;0;0;19;28;13;556;11;0;12
183;17;53;783;114;0;83;0;3;0;0;7;31;14;481;5;2;12
151;17;29;814;137;0;51;0;3;0;0;7;12;15;399;9;0;12
155;17;25;737;101;0;56;0;3;0;0;4;20;16;386;22;0;12
172;17;38;830;102;0;93;0;3;0;0;6;22;17;466;30;0;12
224;17;49;908;111;0;95;0;8;0;0;7;32;18;531;5;0;12
111;17;21;625;118;0;64;0;6;0;0;4;30;19;369;14;1;12
236;17;38;966;139;0;76;0;3;0;0;7;24;20;527;3;1;12
222;17;34;999;246;0;65;0;15;0;0;8;29;21;627;7;1;12
226;17;42;967;187;0;57;0;6;0;0;9;34;22;574;12;1;12
183;17;44;929;181;0;76;0;5;0;0;6;34;23;543;14;0;12
248;17;91;1042;230;0;60;0;1;0;0;4;46;24;699;17;2;12
162;17;43;864;121;0;50;0;4;0;0;2;17;25;414;15;0;12
248;17;50;1136;203;0;77;0;3;0;0;8;44;26;657;22;2;12
229;17;59;1003;163;0;90;0;2;0;0;6;46;27;609;11;3;12
292;17;100;1087;187;0;67;0;2;0;0;3;49;28;712;11;1;12
216;17;67;1056;157;0;92;0;6;0;0;2;50;29;609;18;1;12
191;17;60;908;155;0;61;0;3;0;0;4;36;30;524;12;2;12
211;17;96;952;127;0;80;0;3;0;0;3;83;31;622;18;1;12
178;17;74;869;142;0;64;0;1;0;0;3;69;32;535;3;1;12
202;17;93;877;176;0;56;0;1;0;0;1;61;33;633;41;2;12
160;17;112;950;158;0;66;0;1;0;0;7;78;34;603;20;1;12
188;17;92;875;156;0;51;0;0;0;0;4;44;35;543;7;1;12
165;17;91;857;147;0;44;0;0;0;0;1;55;36;523;18;2;12
154;17;105;860;158;0;65;0;1;0;0;1;72;37;569;11;2;12
0;17;0;0;0;0;0;0;0;0;0;0;0;38;0;0;0;12
0;17;0;0;0;0;0;0;0;0;0;0;0;39;0;0;0;12
1923;17;622;0;1081;0;947;0;19;0;0;79;391;40;5122;53;7;12
55;18;19;0;25;0;24;0;1;0;0;0;8;0;136;4;0;13
155;18;49;756;92;0;95;0;5;0;0;5;32;1;445;11;1;13
182;18;40;895;100;0;119;0;3;0;0;3;51;2;505;7;0;13
206;18;48;884;78;0;111;0;1;0;0;7;48;3;505;6;0;13
170;18;41;741;87;0;107;0;0;0;0;4;35;4;456;12;0;13
154;18;40;682;73;0;84;0;5;0;0;6;24;5;399;13;0;13
140;18;31;676;88;0;80;0;0;0;0;5;47;6;397;5;1;13
157;18;49;812;95;0;106;0;0;0;0;9;34;7;455;4;1;13
98;18;32;495;45;0;79;0;0;0;0;5;25;8;291;7;0;13
138;18;56;703;81;0;99;0;0;0;0;3;41;9;425;2;5;13
226;18;68;985;117;0;129;0;3;0;0;7;66;10;618;1;1;13
123;18;57;687;92;0;72;0;4;0;0;7;39;11;406;12;0;13
163;18;63;757;77;0;104;0;2;0;0;7;36;12;458;5;1;13
239;18;88;989;101;0;124;0;1;0;0;6;46;13;622;14;3;13
246;18;41;1020;191;0;57;0;8;0;0;3;22;14;595;23;4;13
104;18;27;544;45;0;99;0;4;0;0;11;40;15;332;0;2;13
158;18;95;882;94;0;117;0;0;0;0;1;51;16;525;7;2;13
174;18;62;765;78;0;86;0;1;0;0;12;39;17;463;11;0;13
119;18;26;587;70;0;74;0;2;0;0;8;31;18;340;9;1;13
186;18;96;974;108;0;119;0;2;0;0;10;82;19;616;10;3;13
164;18;143;964;98;0;115;0;0;0;0;7;84;20;615;3;1;13
176;18;103;992;85;0;119;0;1;0;0;8;54;21;566;20;0;13
154;18;96;912;107;0;86;0;1;0;0;4;78;22;535;8;1;13
128;18;90;816;82;0;100;0;1;0;0;9;49;23;470;10;1;13
153;18;35;682;84;0;53;0;4;0;0;1;31;24;371;8;2;13
171;18;73;809;104;0;79;0;0;0;0;5;54;25;495;9;0;13
138;18;84;832;126;0;77;0;1;0;0;5;61;26;507;13;2;13
174;18;49;779;141;0;52;0;2;0;0;2;26;27;462;11;5;13
162;18;103;871;112;0;98;0;0;0;0;8;52;28;539;4;0;13
170;18;101;935;107;0;122;0;1;0;0;5;71;29;598;21;0;13
243;18;85;955;180;0;39;0;0;0;0;3;29;30;596;17;0;13
187;18;105;848;131;0;62;0;2;0;0;4;63;31;561;7;0;13
162;18;79;692;62;0;75;0;2;0;0;2;23;32;415;9;1;13
161;18;116;911;143;0;77;0;5;0;0;2;54;33;567;9;0;13
141;18;84;647;56;0;70;0;1;0;0;6;47;34;410;5;0;13
156;18;116;794;73;0;68;0;0;0;0;4;63;35;497;17;0;13
170;18;113;867;125;0;73;0;0;0;0;1;92;36;579;4;1;13
139;18;120;738;84;0;61;0;0;0;0;2;56;37;473;10;1;13
169;18;127;856;95;0;61;0;0;0;0;3;79;38;541;6;1;13
160;18;148;909;130;0;53;0;0;0;0;3;86;39;590;10;0;13
7;18;34;0;8;0;1;0;0;0;0;0;1;40;53;2;0;13
1869;18;1080;0;926;0;1055;0;6;0;0;43;524;41;5577;59;15;13
68;19;14;0;43;0;17;0;0;0;0;1;21;0;166;2;0;14
137;19;24;582;81;0;22;0;2;0;0;3;12;1;292;10;1;14
120;19;51;660;112;0;54;0;0;0;0;8;29;2;389;14;1;14
189;19;45;783;141;0;36;0;2;0;0;9;37;3;462;3;0;14
198;19;36;787;125;0;41;0;1;0;0;6;26;4;450;12;5;14
182;19;47;801;138;0;49;0;9;0;0;6;32;5;482;19;0;14
157;19;48;757;93;0;56;0;3;0;0;6;46;6;438;28;1;14
110;19;106;648;66;0;33;0;3;0;0;5;65;7;398;10;0;14
113;19;64;559;52;0;49;0;0;0;0;5;39;8;336;13;1;14
171;19;87;845;106;0;67;0;0;0;0;2;76;9;525;14;2;14
166;19;93;854;101;0;75;0;1;0;0;4;49;10;500;10;1;14
34;19;52;198;21;0;3;0;0;0;0;0;4;11;121;7;0;14
155;19;86;884;104;0;70;0;0;0;0;4;50;12;495;26;0;14
161;19;68;681;121;0;52;0;1;0;0;4;46;13;466;13;0;14
96;19;80;591;67;0;71;0;0;0;0;0;59;14;377;4;0;14
136;19;77;641;83;0;51;0;0;0;0;1;44;15;400;8;0;14
103;19;106;665;87;0;55;0;0;0;0;6;41;16;408;10;0;14
113;19;80;574;96;0;50;0;1;0;0;5;32;17;392;12;3;14
121;19;72;608;76;0;37;0;2;0;0;2;37;18;366;19;0;14
142;19;73;517;82;0;25;0;0;0;0;0;27;19;356;6;1;14
143;19;87;690;91;0;45;0;0;0;0;7;50;20;435;12;0;14
189;19;89;808;95;0;45;0;1;0;0;3;50;21;495;23;0;14
140;19;77;741;114;0;45;0;4;0;0;8;36;22;439;15;0;14
102;19;58;516;60;0;37;0;1;0;0;0;37;23;307;12;0;14
185;19;76;827;129;0;51;0;1;0;0;4;49;24;500;5;0;14
99;19;16;425;80;0;13;0;1;0;0;2;5;25;229;9;4;14
140;19;20;562;113;0;9;0;10;0;0;6;8;26;320;11;3;14
233;19;28;879;182;0;32;0;17;0;0;6;14;27;549;34;3;14
184;19;53;631;119;0;16;0;1;0;0;2;16;28;399;7;1;14
139;19;20;563;100;0;26;0;11;0;0;1;20;29;323;6;0;14
178;19;20;638;114;0;14;0;3;0;0;5;11;30;361;13;3;14
33;19;15;174;27;0;8;0;0;0;0;1;15;31;103;4;0;14
177;19;43;637;139;0;34;0;3;0;0;2;10;32;413;4;1;14
141;19;52;713;102;0;30;0;1;0;0;4;34;33;386;19;3;14
125;19;73;668;111;0;49;0;1;0;0;1;47;34;410;3;0;14
158;19;74;743;121;0;54;0;0;0;0;6;38;35;459;8;0;14
108;19;119;698;98;0;60;0;0;0;0;2;72;36;473;14;0;14
149;19;77;760;116;0;41;0;1;0;0;2;41;37;447;19;1;14
71;19;20;276;42;0;15;0;1;0;0;2;22;38;180;7;0;14
132;19;59;737;87;0;51;0;0;0;0;3;37;39;376;7;0;14
81;19;113;589;77;0;22;0;0;0;0;1;62;40;371;15;0;14
114;19;36;560;134;0;15;0;0;0;0;4;9;41;327;15;0;14
101;19;62;553;97;0;17;0;3;0;0;2;37;42;324;5;0;14
151;19;99;701;107;0;46;0;1;0;0;2;68;43;481;7;0;14
91;19;90;584;79;0;46;0;0;0;0;2;62;44;374;3;1;14
86;19;95;587;98;0;32;0;0;0;0;3;70;45;388;4;0;14
147;19;111;742;102;0;58;0;0;0;0;3;57;46;503;24;1;14
154;19;115;739;100;0;37;0;1;0;0;5;58;47;483;12;1;14
176;19;45;635;115;0;27;0;4;0;0;4;24;48;405;10;0;14
153;19;92;770;122;0;49;0;1;0;0;5;58;49;503;22;1;14
176;19;81;817;119;0;84;0;3;0;0;5;53;50;527;3;3;14
180;19;67;752;124;0;40;0;5;0;0;1;25;51;452;10;0;14
141;19;42;604;107;0;32;0;3;0;0;3;25;52;373;18;2;14
154;19;82;638;88;0;58;0;2;0;0;3;39;53;433;7;0;14
199;19;60;986;173;0;47;0;1;0;0;6;40;54;551;25;0;14
140;19;55;644;116;0;43;0;1;0;0;7;24;55;389;3;0;14
176;19;86;731;129;0;63;0;0;0;0;4;32;56;496;6;0;14
134;19;75;401;70;0;5;0;0;0;0;0;7;57;313;22;0;14
123;19;63;418;61;0;35;0;0;0;0;0;25;58;307;0;0;14
241;19;44;839;201;0;39;0;7;0;0;10;24;59;573;7;0;14
158;19;142;882;136;0;47;0;1;0;0;5;44;60;564;30;1;14
110;19;91;585;80;0;51;0;0;0;0;1;56;61;391;2;0;14
137;19;114;756;123;0;42;0;2;0;0;1;67;62;493;5;2;14
125;19;87;681;119;0;32;0;1;0;0;1;38;63;432;27;2;14
208;19;84;811;171;0;39;0;0;0;0;4;58;64;578;13;1;14
207;19;47;798;162;0;28;0;9;0;0;4;30;65;500;10;3;14
197;19;59;838;137;0;30;0;2;0;0;3;23;66;477;25;1;14
179;19;57;726;148;0;20;0;0;0;0;2;32;67;448;9;1;14
99;19;79;551;76;0;34;0;0;0;0;3;42;68;348;14;1;14
153;19;95;702;103;0;44;0;0;0;0;4;58;69;463;6;0;14
186;19;110;811;102;0;54;0;3;0;0;1;64;70;531;10;1;14
154;19;120;811;158;0;56;0;0;0;0;3;52;71;559;16;0;14
113;19;90;567;57;0;21;0;0;0;0;2;54;72;339;1;1;14
0;19;0;0;0;0;0;0;0;0;0;0;0;73;0;0;0;14
0;19;0;0;0;0;0;0;0;0;0;0;0;74;0;0;0;14
2527;19;1473;0;1528;0;808;0;28;0;0;49;676;75;7177;70;18;14
80;20;19;0;46;0;23;0;0;0;0;2;8;0;179;1;0;15
178;20;20;828;105;0;117;2;3;0;0;6;30;1;487;24;2;15
214;20;39;1004;119;0;134;1;4;0;0;8;42;2;590;27;2;15
219;20;33;992;106;0;138;1;3;0;0;10;39;3;568;18;1;15
169;20;8;848;100;0;97;2;25;0;0;7;19;4;452;24;1;15
214;20;46;924;169;0;43;2;21;0;0;6;20;5;542;19;2;15
195;20;56;865;150;0;70;1;7;0;0;1;20;6;513;12;1;15
244;20;22;898;128;0;88;0;2;0;0;3;26;7;543;30;0;15
162;20;20;767;110;0;81;2;14;0;0;10;24;8;443;20;0;15
196;20;37;822;113;0;88;0;4;0;0;8;36;9;498;16;0;15
177;20;30;893;131;0;86;1;3;0;0;4;17;10;480;31;0;15
176;20;37;977;155;0;69;0;12;0;0;3;18;11;485;14;1;15
203;20;21;821;161;0;52;0;14;0;0;3;24;12;483;4;1;15
254;20;36;1058;212;0;55;0;19;0;0;3;29;13;626;18;0;15
201;20;27;895;154;0;27;1;21;0;0;2;13;14;461;14;1;15
224;20;18;1071;201;0;41;1;51;0;0;7;22;15;584;18;1;15
193;20;38;879;147;0;62;1;8;0;0;10;22;16;496;14;1;15
165;20;23;751;159;0;42;2;8;0;0;2;14;17;428;12;1;15
203;20;23;911;165;0;59;1;14;0;0;4;20;18;506;16;1;15
233;20;51;996;177;0;45;2;12;0;0;6;31;19;569;12;0;15
93;20;17;532;85;0;41;2;11;0;0;4;10;20;273;10;0;15
192;20;11;764;159;0;22;0;28;0;0;2;11;21;446;20;1;15
219;20;23;896;188;0;17;2;16;0;0;3;20;22;498;10;0;15
212;20;24;802;165;0;10;0;35;0;0;3;5;23;469;14;1;15
274;20;30;1066;217;0;36;1;17;0;0;3;28;24;639;32;1;15
210;20;40;771;126;0;49;2;6;0;0;6;26;25;471;6;0;15
259;20;23;889;205;0;14;0;9;0;0;4;10;26;575;51;0;15
242;20;51;919;201;0;68;0;7;0;0;2;18;27;604;13;2;15
168;20;9;694;135;0;40;1;20;0;0;6;7;28;405;19;0;15
204;20;14;886;198;0;17;1;24;0;0;3;14;29;492;16;1;15
187;20;6;692;159;0;23;1;18;0;0;7;10;30;427;15;1;15
270;20;25;964;183;0;82;0;5;0;0;8;38;31;631;20;0;15
192;20;17;729;151;0;7;0;8;0;0;3;11;32;400;11;0;15
197;20;16;858;131;0;33;2;16;0;0;3;19;33;438;20;1;15
183;20;33;833;184;0;38;3;26;0;0;3;14;34;518;34;0;15
135;20;15;567;123;0;20;0;17;0;0;8;11;35;349;20;0;15
217;20;22;974;133;0;82;2;6;0;0;3;29;36;531;36;1;15
205;20;18;837;111;0;29;0;6;0;0;3;9;37;396;15;0;15
121;20;16;417;47;0;33;0;12;0;0;2;12;38;253;10;0;15
215;20;18;855;229;0;10;4;19;0;0;4;9;39;519;10;1;15
225;20;13;931;217;0;16;2;40;0;0;4;12;40;546;16;1;15
182;20;19;738;147;0;24;2;9;0;0;6;14;41;416;12;1;15
145;20;22;533;60;0;52;0;6;0;0;4;15;42;307;3;0;15
208;20;12;1009;189;0;17;1;20;0;0;3;14;43;504;38;2;15
234;20;31;1025;190;0;56;0;10;0;0;9;33;44;596;31;2;15
206;20;29;966;196;0;36;0;14;0;0;3;27;45;535;24;0;15
155;20;26;712;84;0;69;0;10;0;0;9;25;46;400;20;2;15
177;20;20;622;110;0;26;0;8;0;0;1;18;47;387;25;2;15
238;20;21;965;155;0;49;3;12;0;0;7;28;48;531;16;2;15
178;20;18;812;140;0;40;1;8;0;0;3;15;49;418;15;0;15
123;20;14;455;83;0;27;0;5;0;0;2;11;50;274;9;0;15
143;20;6;703;132;0;12;0;3;0;0;6;9;51;334;23;0;15
207;20;23;910;174;0;34;0;7;0;0;4;13;52;483;21;0;15
165;20;27;726;116;0;50;0;8;0;0;3;21;53;406;12;4;15
163;20;25;639;103;0;47;0;0;0;0;4;23;54;377;12;0;15
176;20;24;739;123;0;43;0;10;0;0;6;19;55;409;7;1;15
176;20;24;737;107;0;60;1;9;0;0;5;20;56;416;13;1;15
195;20;15;864;135;0;80;0;17;0;0;8;24;57;486;12;0;15
202;20;39;804;177;0;27;0;7;0;0;5;20;58;482;5;0;15
2596;20;426;0;1595;0;839;11;50;0;0;67;347;59;6010;69;10;15
148;21;19;0;105;0;25;0;2;0;0;3;8;0;325;12;3;16
123;21;44;648;139;5;33;0;3;0;0;2;14;1;373;8;2;16
152;21;26;732;169;8;18;0;9;0;0;4;16;2;415;13;0;16
143;21;35;1028;202;9;27;0;2;0;0;8;18;3;460;15;1;16
244;21;34;924;230;15;35;0;1;0;0;5;26;4;605;12;3;16
198;21;17;652;134;9;12;0;0;0;0;1;7;5;405;26;1;16
160;21;52;876;194;12;45;0;0;0;0;4;27;6;515;20;1;16
182;21;28;724;168;6;29;0;0;0;0;2;17;7;436;3;1;16
218;21;21;953;219;4;14;0;6;0;0;2;12;8;503;5;2;16
180;21;38;839;156;2;46;0;6;0;0;7;22;9;468;10;1;16
154;21;51;849;181;10;51;0;3;0;0;2;26;10;497;19;0;16
279;21;39;1101;277;17;41;0;6;0;0;3;30;11;717;23;2;16
184;21;22;821;214;9;23;0;1;0;0;5;13;12;489;18;0;16
192;21;19;888;248;11;16;0;5;0;0;2;11;13;514;10;0;16
213;21;55;953;248;9;50;0;1;0;0;8;28;14;621;9;0;16
206;21;45;910;216;10;28;0;7;0;0;5;28;15;571;26;0;16
282;21;66;1149;322;4;81;0;1;0;0;4;43;16;833;29;1;16
188;21;40;941;230;3;62;0;6;0;0;5;35;17;596;25;2;16
200;21;27;854;211;4;65;0;0;0;0;7;49;18;574;11;0;16
274;21;57;1038;238;9;41;0;3;0;0;7;20;19;681;32;0;16
236;21;52;979;198;9;72;0;5;0;0;6;29;20;637;30;0;16
225;21;45;959;211;12;78;0;1;0;0;7;28;21;632;25;0;16
160;21;45;780;194;7;26;0;2;0;0;5;24;22;492;28;1;16
198;21;39;817;137;9;46;0;7;0;0;5;18;23;489;29;1;16
183;21;16;783;190;13;41;0;2;0;0;7;19;24;479;8;0;16
203;21;16;819;132;5;126;0;0;0;0;9;39;25;540;10;0;16
222;21;24;830;197;4;56;0;7;0;0;3;24;26;547;10;0;16
145;21;20;597;149;11;18;0;0;0;0;1;13;27;371;13;1;16
151;21;27;755;189;10;23;0;8;0;0;5;10;28;434;9;2;16
123;21;9;549;149;7;7;0;0;0;0;4;9;29;317;9;0;16
110;21;1;628;151;5;10;0;7;0;0;5;4;30;310;17;0;16
268;21;33;946;238;7;25;0;2;0;0;0;15;31;607;17;2;16
183;21;15;841;192;6;34;0;8;0;0;4;18;32;476;15;1;16
188;21;13;759;193;15;19;0;5;0;0;2;12;33;470;19;4;16
123;21;7;616;134;5;9;0;13;0;0;2;9;34;309;6;1;16
165;21;6;724;199;3;12;0;2;0;0;5;5;35;411;13;1;16
236;21;36;984;218;11;39;0;6;0;0;8;22;36;616;40;0;16
207;21;22;912;180;9;29;0;5;0;0;3;13;37;481;11;2;16
169;21;25;688;176;10;20;0;3;0;0;3;32;38;456;18;0;16
151;21;20;840;204;15;20;0;7;0;0;0;7;39;453;28;1;16
237;21;18;979;246;16;16;0;4;0;0;8;16;40;586;23;2;16
175;21;30;839;221;9;44;0;0;0;0;4;25;41;523;14;1;16
171;21;30;909;204;17;40;0;6;0;0;9;30;42;512;5;0;16
204;21;49;760;161;8;52;0;1;0;0;3;34;43;532;20;0;16
132;21;17;617;135;9;27;0;0;0;0;2;22;44;353;8;1;16
205;21;20;766;188;9;16;0;2;0;0;5;13;45;479;20;1;16
184;21;23;730;198;24;27;0;1;0;0;6;21;46;508;22;2;16
231;21;33;933;258;12;24;0;5;0;0;10;18;47;608;16;1;16
227;21;46;959;235;10;65;0;2;0;0;2;57;48;684;36;4;16
164;21;18;622;168;8;8;0;2;0;0;3;10;49;402;21;0;16
209;21;18;757;187;14;17;0;1;0;0;4;9;50;492;32;1;16
233;21;59;883;216;14;32;0;0;0;0;2;29;51;600;13;2;16
230;21;40;760;189;18;32;0;2;0;0;1;30;52;557;15;0;16
165;21;54;763;176;13;36;0;0;0;0;2;33;53;508;29;0;16
194;21;44;718;152;12;32;0;0;0;0;4;28;54;506;40;0;16
173;21;22;674;178;9;10;0;1;0;0;5;11;55;433;24;0;16
225;21;34;958;244;10;8;0;1;0;0;2;6;56;551;21;0;16
156;21;14;741;231;10;10;0;1;0;0;6;4;57;451;18;1;16
208;21;71;837;184;7;53;0;0;0;0;3;29;58;580;24;1;16
194;21;89;760;193;5;41;0;5;0;0;5;25;59;577;20;0;16
163;21;35;802;267;18;24;0;1;0;0;2;5;60;550;35;0;16
231;21;67;963;222;10;52;0;1;0;0;2;54;61;681;41;1;16
176;21;21;808;225;7;51;0;1;0;0;5;36;62;531;9;0;16
185;21;34;851;267;3;25;0;2;0;0;4;21;63;552;11;0;16
210;21;25;891;274;9;27;0;1;0;0;3;19;64;602;30;4;16
197;21;79;914;197;12;40;0;0;0;0;2;32;65;580;20;1;16
173;21;29;810;242;11;36;0;0;0;0;3;23;66;551;34;0;16
241;21;38;793;184;7;34;0;0;0;0;1;26;67;556;24;1;16
258;21;30;970;287;8;36;0;1;0;0;5;27;68;674;22;0;16
167;21;24;714;223;7;15;0;2;0;0;2;18;69;472;14;0;16
225;21;34;778;181;10;25;0;3;0;0;4;16;70;545;46;1;16
207;21;33;720;140;5;10;0;2;0;0;3;10;71;426;16;0;16
189;21;19;928;249;11;26;0;5;0;0;7;22;72;544;15;1;16
186;21;7;835;218;8;14;0;24;0;0;0;6;73;483;19;1;16
177;21;5;722;176;7;3;0;14;0;0;3;1;74;403;15;2;16
182;21;12;719;154;7;5;0;24;0;0;1;2;75;405;16;2;16
192;21;23;843;221;11;20;0;0;0;0;6;15;76;511;23;0;16
235;21;20;1010;311;5;9;0;14;0;0;3;13;77;619;8;1;16
266;21;23;1113;313;4;16;0;10;0;0;1;12;78;672;23;4;16
276;21;20;1121;328;8;12;0;15;0;0;4;17;79;726;46;0;16
240;21;16;983;259;10;14;0;10;0;0;1;10;80;602;42;0;16
224;21;16;923;230;6;16;0;9;0;0;3;11;81;543;28;0;16
250;21;17;904;223;1;10;0;10;0;0;2;12;82;534;9;0;16
277;21;30;1031;257;18;6;0;19;0;0;4;5;83;636;20;0;16
234;21;30;949;201;12;80;0;3;0;0;5;26;84;607;15;1;16
234;21;26;837;236;8;10;0;1;0;0;2;14;85;566;31;4;16
233;21;32;998;281;4;29;0;12;0;0;4;15;86;620;8;2;16
325;21;29;979;229;9;9;0;13;0;0;2;9;87;662;37;0;16
184;21;20;695;202;5;28;0;5;0;0;3;13;88;478;18;0;16
238;21;24;902;276;6;23;0;1;0;0;3;21;89;601;9;0;16
215;21;26;833;276;12;16;0;1;0;0;2;20;90;585;16;1;16
295;21;59;1023;248;7;48;0;5;0;0;5;28;91;705;7;3;16
211;21;49;795;233;8;21;0;0;0;0;5;20;92;569;20;2;16
232;21;31;832;235;8;52;0;1;0;0;7;25;93;627;36;0;16
238;21;47;823;204;9;57;0;1;0;0;5;38;94;624;23;2;16
194;21;36;1079;293;10;35;0;1;0;0;3;37;95;629;20;0;16
242;21;24;930;228;3;47;0;5;0;0;7;34;96;612;20;2;16
159;21;28;785;149;3;43;0;0;0;0;2;26;97;433;23;0;16
221;21;71;926;213;8;60;0;0;0;0;5;26;98;611;4;3;16
112;21;23;439;122;3;14;0;4;0;0;1;15;99;310;16;0;16
153;21;83;928;255;5;34;0;2;0;0;4;29;100;588;22;1;16
146;21;21;752;285;5;13;0;2;0;0;2;10;101;496;10;2;16
179;21;13;802;292;17;14;0;1;0;0;6;8;102;540;9;1;16
127;21;15;679;232;8;8;0;0;0;0;1;11;103;432;29;1;16
215;21;18;1041;314;18;5;0;6;0;0;8;12;104;626;29;1;16
160;21;5;906;297;5;11;0;5;0;0;4;5;105;503;10;1;16
215;21;14;997;275;16;9;0;2;0;0;3;6;106;586;46;0;16
188;21;10;890;260;15;16;0;4;0;0;4;17;107;543;29;0;16
299;21;47;1244;359;9;42;0;0;0;0;10;36;108;854;49;3;16
308;21;51;1066;283;16;53;0;0;0;0;9;41;109;791;29;1;16
228;21;9;961;310;9;21;0;1;0;0;3;14;110;600;4;1;16
203;21;35;881;312;17;31;0;1;0;0;5;19;111;639;15;1;16
181;21;60;673;154;12;34;0;0;0;0;6;27;112;490;15;1;16
198;21;70;756;145;4;45;0;0;0;0;3;36;113;517;16;0;16
193;21;11;1102;344;14;12;0;2;0;0;4;13;114;622;28;1;16
216;21;50;886;216;9;42;0;1;0;0;11;26;115;595;23;1;16
207;21;52;936;258;8;62;0;3;0;0;6;42;116;671;31;2;16
199;21;80;770;163;7;46;0;0;0;0;3;38;117;550;13;1;16
199;21;78;871;229;17;43;0;1;0;0;7;32;118;637;31;0;16
189;21;99;775;187;8;44;0;0;0;0;1;42;119;593;22;1;16
178;21;30;885;318;11;39;0;0;0;0;8;37;120;631;10;0;16
204;21;31;931;320;18;23;0;1;0;0;4;31;121;644;11;1;16
162;21;34;740;248;10;32;0;1;0;0;2;25;122;524;10;0;16
152;21;33;757;200;8;72;0;9;0;0;5;34;123;526;12;1;16
127;21;20;580;95;0;38;0;0;0;0;2;28;124;318;8;0;16
0;21;0;0;0;0;0;0;0;0;0;0;0;125;0;0;0;16
5014;21;892;0;3762;199;911;0;28;0;0;105;475;126;11591;185;20;16
154;22;23;0;116;0;35;0;0;0;0;6;24;0;369;10;1;17
233;22;41;840;131;0;70;0;5;0;0;4;39;1;539;12;4;17
229;22;39;882;128;0;71;0;3;0;0;3;36;2;520;10;1;17
215;22;33;943;114;0;77;0;1;0;0;1;36;3;484;5;2;17
82;22;27;428;92;0;18;0;0;0;0;3;16;4;253;14;1;17
151;22;13;618;157;0;18;0;3;0;0;3;3;5;362;14;0;17
179;22;25;632;91;0;79;0;0;0;0;1;38;6;431;18;0;17
169;22;8;793;173;0;16;0;6;0;0;8;11;7;422;28;3;17
185;22;22;753;183;0;25;0;8;0;1;3;12;8;457;17;1;17
193;22;33;803;188;0;40;0;0;0;0;9;27;9;494;4;0;17
181;22;57;826;141;0;55;0;2;0;1;6;27;10;502;31;1;17
210;22;22;737;155;0;12;0;3;0;0;4;14;11;461;39;2;17
223;22;56;950;192;0;46;0;1;0;2;3;38;12;582;19;2;17
296;22;62;1038;259;0;62;0;2;0;2;2;28;13;727;11;3;17
205;22;46;800;154;0;34;0;4;0;0;1;46;14;491;1;0;17
150;22;26;489;98;0;35;0;0;0;0;3;28;15;369;28;1;17
327;22;66;1026;233;0;72;0;3;0;1;3;53;16;781;23;0;17
216;22;21;783;206;0;25;0;2;0;1;5;14;17;502;12;0;17
168;22;12;694;152;0;19;0;4;0;0;1;7;18;369;5;1;17
228;22;42;825;221;0;29;0;2;0;0;1;19;19;557;14;1;17
123;22;18;554;162;0;13;0;0;0;0;2;6;20;331;3;4;17
328;22;12;986;195;0;13;0;28;0;2;3;14;21;622;27;0;17
203;22;17;952;249;0;7;0;8;0;0;2;16;22;508;6;0;17
200;22;17;442;139;0;13;0;6;0;0;2;10;23;402;14;1;17
233;22;25;849;207;0;14;0;6;0;1;4;13;24;529;26;0;17
255;22;46;975;228;0;24;0;13;0;2;0;25;25;602;9;0;17
193;22;35;689;139;0;27;0;5;0;2;5;11;26;427;8;2;17
138;22;10;450;114;0;11;0;6;0;0;3;7;27;300;9;2;17
238;22;12;870;253;0;20;0;6;0;1;5;12;28;555;6;2;17
110;22;8;553;163;0;5;0;5;0;1;1;9;29;306;4;0;17
177;22;27;806;217;0;24;0;2;0;0;4;18;30;485;15;1;17
206;22;34;711;193;0;24;0;1;0;3;6;22;31;505;15;1;17
228;22;35;1020;169;0;74;0;3;0;2;14;38;32;573;9;1;17
220;22;51;813;159;0;48;0;1;0;0;4;39;33;532;10;0;17
178;22;33;720;123;0;46;0;4;0;1;2;24;34;422;11;0;17
198;22;30;993;163;0;88;0;2;0;0;3;30;35;534;20;0;17
203;22;24;832;177;0;56;0;2;0;2;7;31;36;516;12;2;17
183;22;30;761;173;0;28;0;4;0;0;4;34;37;464;7;1;17
130;22;12;438;96;0;16;0;2;0;0;0;11;38;275;8;0;17
226;22;30;796;236;0;23;0;1;0;2;4;19;39;547;6;0;17
270;22;42;901;216;0;67;0;2;0;2;8;38;40;656;9;2;17
245;22;27;1017;297;0;16;0;4;0;1;5;18;41;628;14;1;17
255;22;49;916;214;0;49;0;3;0;3;9;25;42;616;8;1;17
199;22;43;888;206;0;37;0;7;0;1;3;28;43;533;8;1;17
257;22;24;905;226;0;38;0;0;0;1;4;24;44;595;21;0;17
208;22;26;845;294;0;31;0;0;0;0;11;23;45;616;20;3;17
225;22;33;964;304;0;30;0;6;0;0;5;24;46;644;15;2;17
248;22;27;852;249;0;32;0;1;0;2;5;28;47;610;17;1;17
185;22;25;706;181;0;42;0;9;0;0;2;17;48;469;6;2;17
155;22;82;721;150;0;43;0;0;0;0;6;30;49;481;15;0;17
230;22;31;975;257;0;35;0;4;0;0;4;32;50;631;36;2;17
219;22;22;780;215;0;17;0;8;0;1;3;17;51;512;10;0;17
188;22;58;872;209;0;71;0;0;0;2;4;46;52;588;9;1;17
193;22;22;664;182;0;14;0;3;0;0;2;9;53;446;19;2;17
153;22;11;648;187;0;9;0;12;0;0;2;7;54;396;15;0;17
201;22;15;855;263;0;12;0;9;0;0;0;11;55;516;4;1;17
225;22;40;999;281;0;23;0;0;0;0;7;24;56;633;31;2;17
212;22;32;780;241;0;24;0;2;0;0;2;16;57;567;36;2;17
156;22;10;670;208;0;5;0;11;0;0;2;7;58;407;6;2;17
166;22;10;710;212;0;13;0;1;0;0;3;15;59;432;11;1;17
195;22;27;880;260;0;18;0;4;0;0;6;19;60;543;13;1;17
157;22;26;796;249;0;23;0;8;0;3;5;26;61;507;9;1;17
191;22;29;714;192;0;18;0;2;0;1;2;24;62;467;8;0;17
196;22;35;816;252;0;17;0;5;0;1;1;18;63;535;10;0;17
205;22;15;865;253;0;12;0;7;0;1;0;9;64;521;19;0;17
210;22;20;752;198;0;13;0;3;0;0;3;11;65;472;13;1;17
167;22;27;710;228;0;22;0;1;0;3;6;25;66;487;7;1;17
204;22;10;836;175;0;9;0;11;0;1;2;2;67;429;15;0;17
263;22;9;927;199;0;8;0;6;0;0;8;0;68;500;7;0;17
222;22;10;833;207;0;24;0;10;0;0;2;7;69;491;8;1;17
175;22;23;868;227;0;21;0;0;0;2;6;28;70;498;16;0;17
176;22;58;845;227;0;46;0;0;0;2;3;30;71;564;21;1;17
234;22;26;830;188;0;65;0;5;0;1;9;28;72;577;18;3;17
171;22;10;682;189;0;5;0;11;0;0;1;3;73;395;4;1;17
158;22;36;696;193;0;40;0;6;0;0;4;20;74;470;13;0;17
111;22;19;467;130;0;24;0;2;0;0;4;14;75;311;6;1;17
198;22;51;764;212;0;32;0;1;0;0;5;33;76;542;9;1;17
220;22;21;704;196;0;19;0;1;0;0;5;11;77;488;15;0;17
335;22;42;1072;227;0;34;0;3;0;0;9;21;78;686;12;3;17
195;22;21;629;128;0;60;0;1;0;1;5;29;79;450;10;0;17
153;22;50;532;104;0;45;0;0;0;1;4;24;80;399;18;0;17
297;22;51;1148;261;0;88;0;3;0;2;6;58;81;789;21;2;17
224;22;47;860;218;0;53;0;0;0;0;7;24;82;598;25;0;17
206;22;47;703;139;0;53;0;1;0;2;2;16;83;487;21;0;17
252;22;48;870;215;0;71;0;0;0;2;7;42;84;647;9;1;17
195;22;15;858;227;0;16;0;4;0;1;2;15;85;481;5;1;17
235;22;16;866;216;0;18;0;1;0;0;8;12;86;516;9;1;17
187;22;55;764;166;0;72;0;1;0;1;5;24;87;537;25;1;17
244;22;27;804;200;0;41;0;2;0;0;9;21;88;554;8;2;17
192;22;23;820;223;0;38;0;2;0;0;4;41;89;548;25;0;17
184;22;22;695;188;0;34;0;0;0;0;9;29;90;474;7;1;17
222;22;21;950;279;0;41;0;2;0;1;8;35;91;632;22;1;17
246;22;39;1048;290;0;54;0;1;0;2;4;25;92;699;37;1;17
255;22;70;1086;267;0;57;0;2;0;1;10;51;93;741;27;1;17
350;22;47;1139;293;0;59;0;1;0;1;5;47;94;818;13;2;17
227;22;50;1107;234;0;74;0;0;0;2;7;47;95;657;14;2;17
256;22;38;964;249;0;46;0;2;0;1;7;26;96;638;13;0;17
238;22;38;897;234;0;40;0;1;0;3;5;21;97;587;7;0;17
263;22;55;1022;242;0;66;0;3;0;0;4;41;98;693;19;0;17
310;22;36;918;200;0;33;0;0;0;1;2;27;99;634;25;0;17
246;22;45;884;214;0;56;0;1;0;1;6;32;100;608;4;3;17
207;22;41;898;238;0;38;0;0;0;1;4;23;101;586;34;0;17
177;22;43;819;160;0;81;0;1;0;0;4;28;102;508;14;0;17
195;22;50;833;235;0;44;0;0;0;2;11;44;103;593;11;1;17
278;22;64;852;153;0;58;0;0;0;0;3;40;104;603;7;0;17
134;22;44;555;121;0;53;0;0;0;0;7;22;105;393;12;0;17
159;22;33;691;231;0;40;0;2;0;1;2;24;106;501;9;0;17
213;22;60;817;208;0;52;0;6;0;2;5;21;107;585;18;0;17
195;22;52;729;187;0;56;0;0;0;0;6;31;108;560;33;0;17
206;22;45;654;139;0;39;0;0;0;1;4;34;109;478;10;0;17
256;22;53;961;266;0;46;0;1;0;1;7;37;110;692;25;0;17
243;22;51;871;229;0;45;0;3;0;0;2;41;111;657;43;0;17
237;22;23;997;277;0;36;0;6;0;1;8;32;112;640;19;1;17
219;22;51;880;203;0;30;0;2;0;0;3;27;113;552;15;2;17
159;22;27;736;227;0;20;0;0;0;1;3;28;114;481;15;1;17
228;22;44;944;240;0;28;0;0;0;2;4;39;115;591;5;1;17
266;22;44;956;272;0;64;0;0;0;1;7;46;116;715;14;1;17
212;22;53;797;258;0;17;0;1;0;1;4;23;117;595;25;1;17
180;22;23;838;301;0;33;0;1;0;1;3;32;118;587;11;2;17
230;22;61;898;240;0;41;0;1;0;2;7;23;119;617;12;0;17
210;22;32;881;276;0;31;0;0;0;0;1;26;120;604;26;2;17
242;22;57;945;224;0;29;0;1;0;0;4;40;121;633;34;2;17
154;22;24;555;159;0;17;0;1;0;0;2;13;122;384;14;0;17
220;22;32;768;192;0;38;0;2;0;0;9;37;123;547;17;0;17
236;22;44;806;203;0;35;0;4;0;1;5;21;124;571;22;0;17
269;22;42;897;224;0;49;0;1;0;2;3;49;125;668;29;0;17
221;22;37;708;179;0;34;0;0;0;4;3;26;126;536;30;2;17
290;22;54;1030;339;0;38;0;1;0;0;4;35;127;781;19;1;17
137;22;24;619;217;0;28;0;2;0;2;0;22;128;442;10;0;17
240;22;51;858;238;0;27;0;3;0;0;4;36;129;619;19;1;17
194;22;70;880;319;0;38;0;0;0;0;4;26;130;671;20;0;17
260;22;27;887;247;0;44;0;1;0;0;3;44;131;632;6;0;17
166;22;47;640;177;0;25;0;1;0;0;1;16;132;442;9;0;17
161;22;23;540;150;0;22;0;2;0;2;2;16;133;395;17;0;17
217;22;21;891;279;0;8;0;11;0;0;6;13;134;593;36;2;17
211;22;23;898;266;0;10;0;25;0;1;0;14;135;569;17;2;17
248;22;29;993;297;0;22;0;9;0;0;2;19;136;681;54;1;17
177;22;20;843;207;0;8;0;17;0;1;6;14;137;471;19;2;17
185;22;45;794;228;0;19;0;3;0;2;2;27;138;524;13;0;17
224;22;34;835;268;0;32;0;3;0;1;15;20;139;611;14;0;17
207;22;36;742;203;0;31;0;3;0;1;4;23;140;537;28;1;17
135;22;6;688;205;0;6;0;4;0;0;1;9;141;374;8;0;17
106;22;9;365;113;0;8;0;5;0;0;5;2;142;253;5;0;17
224;22;20;879;249;0;3;0;7;0;0;5;9;143;534;17;0;17
173;22;38;751;178;0;49;0;0;0;2;2;31;144;480;7;0;17
180;22;62;704;175;0;29;0;1;0;1;1;49;145;509;11;0;17
268;22;42;848;209;0;36;0;0;0;2;3;28;146;597;8;1;17
234;22;32;1090;230;0;52;0;0;0;1;5;41;147;610;14;1;17
233;22;32;765;146;0;45;0;7;0;0;2;28;148;508;13;2;17
176;22;52;673;112;0;34;0;1;0;1;3;24;149;414;11;0;17
192;22;27;976;234;0;108;0;2;0;2;11;51;150;641;14;0;17
167;22;13;702;214;0;51;0;6;0;0;4;28;151;492;9;0;17
148;22;16;591;127;0;53;0;3;0;1;4;27;152;415;36;0;17
0;22;0;0;0;0;0;0;0;0;0;0;0;153;0;0;0;17
0;22;0;0;0;0;0;0;0;0;0;0;0;154;0;0;0;17
0;22;0;0;0;0;0;0;0;0;0;0;0;155;0;0;0;17
0;22;0;0;0;0;0;0;0;0;0;0;0;156;0;0;0;17
0;22;0;0;0;0;0;0;0;0;0;0;0;157;0;0;0;17
5759;22;998;0;4177;0;1175;0;39;0;30;117;715;158;13198;156;32;17
98;23;29;0;60;0;17;0;2;0;0;4;8;0;224;5;1;18
153;23;29;810;187;0;28;0;0;0;0;3;21;1;481;58;2;18
153;23;37;667;148;0;31;0;2;0;0;3;5;2;398;16;3;18
237;23;50;901;190;0;56;0;1;0;0;11;40;3;612;25;2;18
213;23;32;632;162;0;29;0;0;0;0;0;22;4;466;7;1;18
166;23;38;522;134;0;33;0;0;0;0;0;19;5;402;11;1;18
167;23;36;562;123;0;27;0;2;0;0;6;17;6;382;3;1;18
185;23;34;602;144;0;40;0;0;0;0;3;26;7;450;17;1;18
191;23;43;560;130;0;18;0;1;0;0;3;15;8;407;4;2;18
188;23;35;656;155;0;49;0;2;0;0;0;29;9;487;26;3;18
212;23;43;678;168;0;51;0;0;0;0;3;24;10;516;14;1;18
157;23;31;595;144;0;38;0;2;0;0;1;20;11;408;10;5;18
176;23;60;745;147;0;46;0;2;0;0;4;38;12;493;20;0;18
162;23;47;948;172;0;21;0;1;0;0;3;31;13;457;20;0;18
260;23;25;873;158;0;60;0;3;0;0;8;25;14;563;18;6;18
159;23;41;671;156;0;42;0;0;0;0;3;23;15;439;15;0;18
175;23;26;741;160;0;35;0;7;0;0;3;23;16;454;24;1;18
179;23;41;722;161;0;51;0;1;0;0;6;30;17;498;27;2;18
154;23;85;733;90;0;63;0;2;0;0;3;44;18;460;18;1;18
168;23;42;678;134;0;43;0;0;0;0;3;46;19;457;21;0;18
125;23;47;561;125;0;44;0;1;0;0;8;27;20;387;9;1;18
104;23;28;479;94;0;35;0;3;0;0;2;33;21;313;14;0;18
147;23;48;646;125;0;34;0;0;0;0;4;31;22;403;14;0;18
180;23;24;738;186;0;31;0;6;0;0;4;17;23;461;12;1;18
141;23;52;660;136;0;35;0;0;0;0;8;37;24;423;12;2;18
127;23;35;637;94;0;62;0;1;0;0;6;33;25;365;6;1;18
153;23;130;793;123;0;52;0;0;0;0;4;90;26;560;6;2;18
130;23;72;711;148;0;40;0;0;0;0;2;45;27;453;15;1;18
121;23;48;550;105;0;34;0;2;0;0;1;31;28;350;8;0;18
200;23;72;835;153;0;84;0;2;0;0;6;57;29;588;14;0;18
133;23;101;710;110;0;66;0;1;0;0;1;84;30;516;17;3;18
104;23;92;647;112;0;51;0;0;0;0;5;58;31;430;7;1;18
145;23;54;605;117;0;41;0;0;0;0;1;50;32;422;14;0;18
140;23;70;702;125;0;45;0;0;0;0;4;76;33;465;4;1;18
134;23;66;547;93;0;50;0;0;0;0;1;41;34;398;13;0;18
171;23;94;810;150;0;41;0;0;0;0;4;60;35;542;21;1;18
143;23;57;568;133;0;32;0;5;0;0;2;25;36;406;8;1;18
116;23;16;483;124;0;8;0;6;0;0;1;11;37;295;13;0;18
163;23;85;661;109;0;29;0;0;0;0;1;52;38;455;16;0;18
177;23;69;721;143;0;34;0;2;0;0;3;42;39;494;23;1;18
246;23;79;837;182;0;55;0;2;0;0;6;37;40;621;14;0;18
230;23;37;751;156;0;35;0;1;0;0;8;28;41;503;8;0;18
163;23;28;669;184;0;19;0;6;0;0;2;16;42;439;19;2;18
126;23;17;256;37;0;5;0;1;0;0;1;2;43;197;6;2;18
239;23;63;1026;163;0;55;0;4;0;0;3;41;44;577;8;1;18
198;23;29;792;195;0;52;0;5;0;0;0;22;45;518;15;2;18
255;23;46;885;192;0;29;0;9;0;0;1;25;46;571;13;1;18
167;23;44;752;199;0;34;0;6;0;0;5;31;47;497;4;7;18
95;23;30;490;132;0;16;0;6;0;0;2;7;48;299;10;1;18
120;23;15;492;143;0;7;0;7;0;0;2;7;49;308;7;0;18
316;23;24;832;162;0;23;0;3;0;0;4;21;50;596;43;0;18
350;23;82;1038;215;0;79;0;1;0;0;7;41;51;787;9;3;18
245;23;38;972;222;0;51;0;2;0;0;6;35;52;617;18;0;18
146;23;6;504;153;0;6;0;6;0;0;2;6;53;351;25;1;18
192;23;31;732;158;0;33;0;9;0;0;1;23;54;468;19;2;18
151;23;55;776;135;0;23;0;0;0;0;4;29;55;414;16;1;18
233;23;29;749;201;0;19;0;6;0;0;6;21;56;539;22;2;18
78;23;34;367;112;0;10;0;2;0;0;1;15;57;254;2;0;18
279;23;40;1077;240;0;51;0;2;0;0;10;41;58;693;28;2;18
192;23;35;679;170;0;19;0;0;0;0;4;17;59;460;22;1;18
189;23;33;740;228;0;23;0;1;0;0;4;16;60;542;46;2;18
209;23;81;777;178;0;45;0;1;0;0;6;28;61;577;28;1;18
206;23;29;788;211;0;36;0;5;0;0;7;32;62;572;40;6;18
147;23;47;792;194;0;25;0;3;0;0;6;29;63;468;16;1;18
169;23;45;814;234;0;26;0;0;0;0;1;39;64;533;18;1;18
170;23;52;799;226;0;39;0;6;0;0;5;45;65;555;12;0;18
185;23;29;801;228;0;27;0;3;0;0;6;35;66;531;17;1;18
269;23;26;756;179;0;27;0;2;0;0;3;27;67;558;23;2;18
166;23;49;694;157;0;47;0;0;0;0;1;25;68;460;15;0;18
126;23;18;487;146;0;17;0;4;0;0;4;14;69;334;5;0;18
186;23;38;840;233;0;33;0;1;0;0;5;32;70;544;15;1;18
193;23;23;694;164;0;23;0;0;0;0;2;27;71;444;10;2;18
234;23;60;942;205;0;65;0;4;0;0;6;38;72;642;29;1;18
153;23;10;543;171;0;12;0;9;0;0;1;12;73;377;8;1;18
136;23;11;538;133;0;15;0;7;0;0;2;2;74;306;0;0;18
118;23;15;500;130;0;4;0;9;0;0;5;8;75;304;14;1;18
155;23;62;713;115;0;56;0;1;0;0;7;38;76;469;31;4;18
167;23;72;688;98;0;60;0;3;0;0;12;54;77;478;12;0;18
168;23;35;661;160;0;26;0;0;0;0;1;30;78;426;5;1;18
174;23;67;711;134;0;64;0;0;0;0;5;72;79;524;8;0;18
120;23;29;614;180;0;18;0;9;0;0;0;12;80;390;21;1;18
271;23;47;969;238;0;69;0;1;0;0;4;34;81;697;32;1;18
166;23;29;690;190;0;32;0;2;0;0;3;11;82;442;9;0;18
204;23;12;717;172;0;7;0;7;0;0;3;12;83;435;18;0;18
200;23;6;766;167;0;16;0;23;0;0;4;10;84;440;13;1;18
199;23;22;715;201;0;22;0;4;0;0;1;15;85;490;26;0;18
169;23;16;559;186;0;7;0;5;0;0;5;9;86;404;6;1;18
155;23;23;570;132;0;28;0;2;0;0;4;20;87;371;6;1;18
88;23;17;422;121;0;12;0;1;0;0;2;13;88;269;14;1;18
179;23;13;722;224;0;13;0;7;0;0;3;13;89;480;26;2;18
167;23;16;595;168;0;8;0;3;0;0;1;7;90;382;12;0;18
152;23;27;604;139;0;42;0;4;0;0;2;28;91;410;16;0;18
228;23;28;801;190;0;45;0;0;0;0;5;26;92;545;23;0;18
146;23;24;599;153;0;35;0;4;0;0;2;42;93;412;6;0;18
156;23;20;799;237;0;18;0;23;0;0;10;18;94;499;13;4;18
126;23;16;614;149;0;43;0;6;0;0;4;18;95;377;12;3;18
266;23;39;904;214;0;34;0;6;0;0;4;27;96;606;13;3;18
189;23;46;790;166;0;51;0;7;0;0;5;31;97;512;17;0;18
75;23;13;353;110;0;20;0;2;0;0;2;23;98;251;6;0;18
139;23;27;622;113;0;72;0;2;0;0;1;45;99;406;6;1;18
105;23;29;496;124;0;24;0;1;0;0;1;17;100;315;10;4;18
191;23;47;750;131;0;61;0;3;0;0;11;50;101;498;3;1;18
0;23;0;0;0;0;0;0;0;0;0;0;0;102;0;0;0;18
3489;23;974;0;2328;0;796;0;28;0;0;59;507;103;8399;203;15;18
